cluster,GO.ID,Term,Annotated,Significant,Expected,classicFisher,weightedFisher,elimFisher,SigGenes
1,GO:0006412,translation,190,39,13,5.4e-11,3.3e-09,5.4e-11,"cysS_42,fmt_68,glyS_3,hisS_42,pheS_19,pheS_31,rpl10_106,rpl13_18,rpl14_110,rpl15_21,rpl17_36,rpl18_25,rpl19_19,rpl20_4,rpl21_31,rpl23_48,rpl29_9,rpl31_3,rpl33_56,rpl35_31,rpl35_44,rpl36_41,rpl4_88,rps10_50,rps11_27,rps12_3,rps13_52,rps15_17,rps16_61,rps20_16,rps3_18,rps3_32,rps7_36,rps8_22,rps8_34,slr0877_16,thrS_4,tufA_32,tufA_49"
1,GO:0015979,photosynthesis,192,28,13.13,5.9e-05,0.00056,5.9e-05,"apcA_56,apcB_53,apcE_39,apcE_50,chlI_48,chlM_4,cpcC_39,ho1_19,pcr_34,psaA_15,psaB_26,psaB_38,psaC_28,psaD_21,psaE_4,psaE_46,psbB_35,psbE_65,psbE_76,psbI_19,psbI_7,psbJ_20,psbK_56,psbL_17,psbL_30,psbO_12,rbcS_12,ycf4_41"
1,GO:0046148,pigment biosynthetic process,68,13,4.65,0.00051,1.00000,0.00051,"chlI_48,chlM_4,crtQ_40,crtQ_91,hemA_8,hemB_18,hemE_26,hemE_40,hemH_39,pcr_34,purC_91,purD_66,pys_49"
1,GO:1901566,organonitrogen compound biosynthetic pro...,686,85,46.93,7.8e-11,0.97012,0.00084,"accD_26,aroQ_56,atpB_7,atpC_8,atpE_18,atpE_4,atpH_40,atpI_41,bioB_53,carB_10,carB_44,cbbA_12,chlI_48,chlM_4,cysH_4,cysS_42,dapB_21,dfp_49,eno_22,fmt_68,glyS_3,gylA_31,hemA_8,hemB_18,hemE_26,hemE_40,hemH_39,hisB2_3,hisF_80,hisH_13,hisI_39,hisS_42,ilvD_40,leuA2_37,leuB_4,lysA_40,moeA_19,mraY_4,murZ_22,pcr_34,phdD_85,pheS_19,pheS_31,purB_16,purC_91,purD_66,rpl10_106,rpl13_18,rpl14_110,rpl15_21,rpl17_36,rpl18_25,rpl19_19,rpl20_4,rpl21_31,rpl23_48,rpl29_9,rpl31_3,rpl33_56,rpl35_31,rpl35_44,rpl36_41,rpl4_88,rps10_50,rps11_27,rps12_3,rps13_52,rps15_17,rps16_61,rps20_16,rps3_18,rps3_32,rps7_36,rps8_22,rps8_34,sll1635_19,sll1945_19,slr0877_16,slr1934_46,thiG_10,thrS_4,trpC_11,tufA_32,tufA_49,yibO_38"
1,GO:0042777,plasma membrane ATP synthesis coupled pr...,8,4,0.55,0.00119,1.00000,0.00119,"atpB_7,atpE_18,atpE_4,atpI_41"
1,GO:0006614,SRP-dependent cotranslational protein ta...,4,3,0.27,0.00120,0.00120,0.00120,"ffh_23,ftsY_14,ftsY_57"
1,GO:0016114,terpenoid biosynthetic process,22,6,1.5,0.00278,0.06310,0.00278,"crtQ_40,crtQ_91,gcpE_13,pys_49,sll1945_19,slr0348_37"
1,GO:0006605,protein targeting,14,7,0.96,1.4e-05,0.00301,0.00301,"ffh_23,ftsY_14,ftsY_57,secA_24,secE_25,secF_30,secY_44"
1,GO:0090407,organophosphate biosynthetic process,236,30,16.14,0.00041,0.40949,0.00379,"accD_26,atpB_7,atpC_8,atpE_18,atpE_4,atpH_40,atpI_41,carB_10,carB_44,cbbA_12,dfp_49,eno_22,fabZ_15,fabZ_27,gcpE_13,moeA_19,nrdA_6,phdD_85,plsX_52,prsA_52,purB_16,purC_91,purD_66,sll1635_19,sll1945_19,sll1973_23,slr0348_37,slr1934_46,thiG_10,yibO_38"
1,GO:0031564,transcription antitermination,2,2,0.14,0.00465,0.00465,0.00465,"nusG_51,nusG_62"
1,GO:0032784,regulation of DNA-templated transcriptio...,2,2,0.14,0.00465,0.00465,0.00465,"nusG_51,nusG_62"
1,GO:0052889,"9,9'-di-cis-zeta-carotene desaturation t...",2,2,0.14,0.00465,0.00465,0.00465,"crtQ_40,crtQ_91"
1,GO:0032787,monocarboxylic acid metabolic process,106,15,7.25,0.00473,1.00000,0.00473,"accD_26,bioB_53,cbbA_12,dfp_49,eno_22,envM_45,fabZ_15,fabZ_27,gcpE_13,phdD_85,plsX_52,slr0348_37,slr0665_10,slr1934_46,yibO_38"
1,GO:0043953,protein transport by the Tat complex,6,3,0.41,0.00539,1.00000,0.00539,"slr1046_25,slr1046_36,ycf43_41"
1,GO:0046394,carboxylic acid biosynthetic process,218,25,14.91,0.00561,0.96244,0.00561,"accD_26,aroQ_56,bioB_53,carB_10,carB_44,cbbA_12,cysH_4,dapB_21,eno_22,envM_45,fabZ_15,fabZ_27,gylA_31,hisB2_3,hisF_80,hisH_13,hisI_39,ilvD_40,leuA2_37,leuB_4,lysA_40,phdD_85,plsX_52,trpC_11,yibO_38"
1,GO:0042168,heme metabolic process,28,6,1.92,0.00996,1.00000,0.00996,"hemA_8,hemB_18,hemE_26,hemE_40,hemH_39,ho1_19"
1,GO:0009124,nucleoside monophosphate biosynthetic pr...,104,17,7.11,0.00050,1.00000,0.01019,"atpB_7,atpC_8,atpE_18,atpE_4,atpH_40,atpI_41,carB_10,carB_44,cbbA_12,eno_22,phdD_85,prsA_52,purB_16,purC_91,purD_66,sll1635_19,yibO_38"
1,GO:0006090,pyruvate metabolic process,38,7,2.6,0.01278,0.11610,0.01278,"cbbA_12,eno_22,gcpE_13,phdD_85,slr0348_37,slr1934_46,yibO_38"
1,GO:0016108,tetraterpenoid metabolic process,8,3,0.55,0.01363,1.00000,0.01363,"crtQ_40,crtQ_91,pys_49"
1,GO:0016109,tetraterpenoid biosynthetic process,8,3,0.55,0.01363,1.00000,0.01363,"crtQ_40,crtQ_91,pys_49"
1,GO:0016116,carotenoid metabolic process,8,3,0.55,0.01363,1.00000,0.01363,"crtQ_40,crtQ_91,pys_49"
1,GO:0016117,carotenoid biosynthetic process,8,3,0.55,0.01363,1.00000,0.01363,"crtQ_40,crtQ_91,pys_49"
1,GO:0065002,intracellular protein transmembrane tran...,8,3,0.55,0.01363,1.00000,0.01363,"secA_24,secF_30,secY_44"
1,GO:0006779,porphyrin-containing compound biosynthet...,48,8,3.28,0.01445,0.31555,0.01445,"chlI_48,chlM_4,hemA_8,hemB_18,hemE_26,hemE_40,hemH_39,pcr_34"
1,GO:0072330,monocarboxylic acid biosynthetic process,68,10,4.65,0.01551,0.36325,0.01551,"accD_26,bioB_53,cbbA_12,eno_22,envM_45,fabZ_15,fabZ_27,phdD_85,plsX_52,yibO_38"
1,GO:0046390,ribose phosphate biosynthetic process,132,19,9.03,0.00121,1.00000,0.01635,"accD_26,atpB_7,atpC_8,atpE_18,atpE_4,atpH_40,atpI_41,carB_10,carB_44,cbbA_12,dfp_49,eno_22,phdD_85,prsA_52,purB_16,purC_91,purD_66,slr1934_46,yibO_38"
1,GO:0006754,ATP biosynthetic process,40,10,2.74,0.00024,0.00024,0.01734,"atpB_7,atpC_8,atpE_18,atpE_4,atpH_40,atpI_41,cbbA_12,eno_22,phdD_85,yibO_38"
1,GO:0018298,protein-chromophore linkage,50,8,3.42,0.01830,0.01830,0.01830,"apcA_56,apcB_53,apcE_39,apcE_50,psaA_15,psaB_26,psaB_38,psbB_35"
1,GO:0006782,protoporphyrinogen IX biosynthetic proce...,16,4,1.09,0.02007,0.02007,0.02007,"hemA_8,hemB_18,hemE_26,hemE_40"
1,GO:0022618,ribonucleoprotein complex assembly,16,4,1.09,0.02007,1.00000,0.02007,"rpl20_4,rpl23_48,rps11_27,rps7_36"
1,GO:0042255,ribosome assembly,16,4,1.09,0.02007,0.02007,0.02007,"rpl20_4,rpl23_48,rps11_27,rps7_36"
1,GO:0046501,protoporphyrinogen IX metabolic process,16,4,1.09,0.02007,1.00000,0.02007,"hemA_8,hemB_18,hemE_26,hemE_40"
1,GO:0070925,organelle assembly,16,4,1.09,0.02007,1.00000,0.02007,"rpl20_4,rpl23_48,rps11_27,rps7_36"
1,GO:0071826,ribonucleoprotein complex subunit organi...,16,4,1.09,0.02007,1.00000,0.02007,"rpl20_4,rpl23_48,rps11_27,rps7_36"
1,GO:0006783,heme biosynthetic process,24,5,1.64,0.02067,1.00000,0.02067,"hemA_8,hemB_18,hemE_26,hemE_40,hemH_39"
1,GO:0009156,ribonucleoside monophosphate biosyntheti...,102,16,6.98,0.00118,1.00000,0.02079,"atpB_7,atpC_8,atpE_18,atpE_4,atpH_40,atpI_41,carB_10,carB_44,cbbA_12,eno_22,phdD_85,prsA_52,purB_16,purC_91,purD_66,yibO_38"
1,GO:0009145,purine nucleoside triphosphate biosynthe...,42,10,2.87,0.00037,1.00000,0.02303,"atpB_7,atpC_8,atpE_18,atpE_4,atpH_40,atpI_41,cbbA_12,eno_22,phdD_85,yibO_38"
1,GO:0009206,purine ribonucleoside triphosphate biosy...,42,10,2.87,0.00037,1.00000,0.02303,"atpB_7,atpC_8,atpE_18,atpE_4,atpH_40,atpI_41,cbbA_12,eno_22,phdD_85,yibO_38"
1,GO:0009152,purine ribonucleotide biosynthetic proce...,104,16,7.11,0.00146,0.83521,0.02420,"accD_26,atpB_7,atpC_8,atpE_18,atpE_4,atpH_40,atpI_41,cbbA_12,dfp_49,eno_22,phdD_85,purB_16,purC_91,purD_66,slr1934_46,yibO_38"
1,GO:0071806,protein transmembrane transport,16,6,1.09,0.00042,0.00042,0.02530,"secA_24,secF_30,secY_44,slr1046_25,slr1046_36,ycf43_41"
1,GO:0006432,phenylalanyl-tRNA aminoacylation,4,2,0.27,0.02547,0.02547,0.02547,"pheS_19,pheS_31"
1,GO:0022607,cellular component assembly,84,11,5.75,0.02563,1.00000,0.02563,"ccsA_61,envM_45,purB_16,recA_4,rpl20_4,rpl23_48,rps11_27,rps7_36,slr1098_26,slr1098_63,ycf24_37"
1,GO:0002790,peptide secretion,10,3,0.68,0.02639,1.00000,0.02639,"secE_25,slr1046_25,slr1046_36"
1,GO:0009306,protein secretion,10,3,0.68,0.02639,0.02639,0.02639,"secE_25,slr1046_25,slr1046_36"
1,GO:0032940,secretion by cell,10,3,0.68,0.02639,1.00000,0.02639,"secE_25,slr1046_25,slr1046_36"
1,GO:0046903,secretion,10,3,0.68,0.02639,1.00000,0.02639,"secE_25,slr1046_25,slr1046_36"
1,GO:0006164,purine nucleotide biosynthetic process,106,16,7.25,0.00179,1.00000,0.02800,"accD_26,atpB_7,atpC_8,atpE_18,atpE_4,atpH_40,atpI_41,cbbA_12,dfp_49,eno_22,phdD_85,purB_16,purC_91,purD_66,slr1934_46,yibO_38"
1,GO:1901137,carbohydrate derivative biosynthetic pro...,226,26,15.46,0.00452,0.96200,0.02981,"accD_26,atpB_7,atpC_8,atpE_18,atpE_4,atpH_40,atpI_41,carB_10,carB_44,cbbA_12,dfp_49,eno_22,fabZ_15,fabZ_27,mraY_4,murZ_22,nrdA_6,phdD_85,prsA_52,purB_16,purC_91,purD_66,sll1635_19,sll1945_19,slr1934_46,yibO_38"
1,GO:0009260,ribonucleotide biosynthetic process,130,18,8.89,0.00255,1.00000,0.03042,"accD_26,atpB_7,atpC_8,atpE_18,atpE_4,atpH_40,atpI_41,carB_10,carB_44,cbbA_12,dfp_49,eno_22,phdD_85,purB_16,purC_91,purD_66,slr1934_46,yibO_38"
1,GO:0009165,nucleotide biosynthetic process,166,21,11.36,0.00352,0.76060,0.03154,"accD_26,atpB_7,atpC_8,atpE_18,atpE_4,atpH_40,atpI_41,carB_10,carB_44,cbbA_12,dfp_49,eno_22,nrdA_6,phdD_85,prsA_52,purB_16,purC_91,purD_66,sll1635_19,slr1934_46,yibO_38"
2,GO:0008360,regulation of cell shape,30,14,2.96,2.0e-07,2.0e-07,2.0e-07,"glmU_37,mraY_22,murD_34,murE_46,murF_29,murI_58,murZ_62,sll0154_22,sll0154_5,sll0210_31,sll0210_55,slr0488_6,slr1424_10,slr1424_24"
2,GO:1901566,organonitrogen compound biosynthetic pro...,686,133,67.69,6.2e-21,0.5072,1.9e-06,"adk2_37,adk2_55,alaS_4,argD_4,argD_52,argH_46,aroB_21,aroB_7,aroC_37,aroE_29,aroE_3,aroK_4,aroK_41,atpC_103,atpG_16,atpI_11,carA_21,cbbA_32,cbiA_43,chlM_52,cysE_48,cysG_57,cysS_22,dapB_79,dfp_20,folD_19,folE_22,gap2_50,glmS_28,glmU_37,gylA_44,hemC_13,hemF_12,hemF_45,hemL_19,hisC2_69,hisG_18,hisG_7,hisI_28,hisS_11,hisS2_39,ileS_28,ilvE_15,ilvN_12,ilvN_42,infB_10,leuD_20,leuS_78,lysA_18,lysS_16,lysS_4,moaA_7,mraY_22,murD_34,murE_46,murF_29,murI_58,murZ_62,nadA_7,panB_48,panC/kcy_44,pet112_17,pet112_54,prk_40,proS_84,purB_49,purC_80,purE_7,purH_74,pyrC_39,pyrC2_13,pyrD_13,pyrH_22,ribA_10,ribA_106,ribG_11,rpl1_40,rpl1_68,rpl10_56,rpl12_103,rpl16_26,rpl16_76,rpl19_4,rpl29_67,rpl3_71,rpl31_20,rpl33_37,rpl5_47,rpl6_20,rps10_26,rps13_23,rps14_41,rps15_4,rps17_146,rps19_41,rps2_53,rps20_50,rps21_30,rps21_50,rps4_18,rps4_35,rps5_65,rps7_109,serS_50,sll0210_31,sll0210_55,sll1214_22,sll1258_23,sll1500_16,sll1500_37,slr0116_25,slr0488_6,slr0495_30,slr0519_10,slr0519_21,slr0812_15,slr0877_49,slr1050_26,slr1424_10,slr1424_24,slr1742_27,slr1787_27,smpB_233,thiC_26,thiG_127,thrA_34,thrB_28,thrC2_38,thrS_19,trpD_19,trpE_57,trpS_40,yibO_19"
2,GO:0009252,peptidoglycan biosynthetic process,28,12,2.76,4.7e-06,1.0000,4.7e-06,"glmU_37,mraY_22,murD_34,murE_46,murF_29,murI_58,murZ_62,sll0210_31,sll0210_55,slr0488_6,slr1424_10,slr1424_24"
2,GO:0006412,translation,190,44,18.75,1.3e-08,1.5e-07,1.5e-05,"alaS_4,cysS_22,hisS_11,hisS2_39,ileS_28,infB_10,leuS_78,lysS_16,lysS_4,pet112_17,pet112_54,proS_84,rpl1_40,rpl1_68,rpl10_56,rpl12_103,rpl16_26,rpl16_76,rpl19_4,rpl29_67,rpl3_71,rpl31_20,rpl33_37,rpl5_47,rpl6_20,rps10_26,rps13_23,rps14_41,rps15_4,rps17_146,rps19_41,rps2_53,rps20_50,rps21_30,rps21_50,rps4_18,rps4_35,rps5_65,rps7_109,serS_50,slr0877_49,smpB_233,thrS_19,trpS_40"
2,GO:0009073,aromatic amino acid family biosynthetic ...,46,15,4.54,1.6e-05,1.6e-05,1.6e-05,"aroB_21,aroB_7,aroC_37,aroE_29,aroE_3,aroK_4,aroK_41,folD_19,hisC2_69,hisG_18,hisG_7,hisI_28,hisS2_39,trpD_19,trpE_57"
2,GO:0071555,cell wall organization,32,12,3.16,2.4e-05,2.4e-05,2.4e-05,"glmU_37,mraY_22,murD_34,murE_46,murF_29,murI_58,murZ_62,sll0210_31,sll0210_55,slr0488_6,slr1424_10,slr1424_24"
2,GO:0009423,chorismate biosynthetic process,12,7,1.18,4.3e-05,4.3e-05,4.3e-05,"aroB_21,aroB_7,aroC_37,aroE_29,aroE_3,aroK_4,aroK_41"
2,GO:0019632,shikimate metabolic process,4,4,0.39,9.3e-05,9.3e-05,9.3e-05,"aroE_29,aroE_3,aroK_4,aroK_41"
2,GO:1901607,alpha-amino acid biosynthetic process,126,25,12.43,0.00037,0.0068,0.00037,"argD_4,argD_52,argH_46,carA_21,cysE_48,dapB_79,folD_19,gylA_44,hisC2_69,hisG_18,hisG_7,hisI_28,hisS2_39,ilvE_15,ilvN_12,ilvN_42,leuD_20,lysA_18,serS_50,slr0495_30,thrA_34,thrB_28,thrC2_38,trpD_19,trpE_57"
2,GO:0044249,cellular biosynthetic process,1066,165,105.19,1.6e-16,0.8500,0.00094,"adk2_37,adk2_55,alaS_4,argD_4,argD_52,argH_46,aroB_21,aroB_7,aroC_37,aroE_29,aroE_3,aroK_4,aroK_41,atpC_103,atpG_16,atpI_11,carA_21,cbbA_32,cbiA_43,chlM_52,cysE_48,cysG_57,cysS_22,dapB_79,deoC_23,dfp_20,dnaB_23,dnaJ2_39,fabF_52,fabF_71,fabG_44,folD_19,folE_22,gap2_50,gcpE_24,glmS_28,glmU_37,gylA_44,hemC_13,hemF_12,hemF_45,hemL_19,hisC2_69,hisG_18,hisG_7,hisI_28,hisS_11,hisS2_39,ileS_28,ilvE_15,ilvN_12,ilvN_42,infB_10,leuD_20,leuS_78,lipA_36,lipA_4,lipA2_31,lpxA_17,lpxA_30,lpxD_11,lysA_18,lysS_16,lysS_4,met3_19,moaA_7,mraY_22,murD_34,murE_46,murF_29,murI_58,murZ_62,nadA_7,ntcA_16,panB_48,panC/kcy_44,pds_16,pds_31,pet112_17,pet112_54,prk_40,proS_84,prsA_14,purB_49,purC_80,purE_7,purH_74,pyrC_39,pyrC2_13,pyrD_13,pyrH_22,ribA_10,ribA_106,ribG_11,rpl1_40,rpl1_68,rpl10_56,rpl12_103,rpl16_26,rpl16_76,rpl19_4,rpl29_67,rpl3_71,rpl31_20,rpl33_37,rpl5_47,rpl6_20,rpoB_28,rpoB_8,rpoC2_32,rpoDI_37,rps10_26,rps13_23,rps14_41,rps15_4,rps17_146,rps19_41,rps2_53,rps20_50,rps21_30,rps21_50,rps4_18,rps4_35,rps5_65,rps7_109,sds_7,serS_50,sll0210_31,sll0210_55,sll0396_118,sll0998_11,sll1214_22,sll1258_23,sll1377_31,sll1500_16,sll1500_37,slr0116_25,slr0488_6,slr0495_30,slr0519_10,slr0519_21,slr0591_22,slr0591_73,slr0606_20,slr0812_15,slr0877_49,slr0951_15,slr1050_26,slr1424_10,slr1424_24,slr1742_27,slr1787_27,smpB_233,ssb_17,thiC_26,thiG_127,thrA_34,thrB_28,thrC2_38,thrS_19,trpD_19,trpE_57,trpS_40,ubiA_7,yibO_19"
2,GO:0009066,aspartate family amino acid metabolic pr...,34,10,3.35,0.00112,1.0000,0.00112,"ahcY_47,dapB_79,folD_19,lysA_18,slr0495_30,slr2141_31,slr2141_67,thrA_34,thrB_28,thrC2_38"
2,GO:0010205,photoinhibition,6,4,0.59,0.00118,0.0012,0.00118,"ftsH_35,ftsH_89,ftsH2_26,ftsH4_10"
2,GO:0010304,PSII associated light-harvesting complex...,6,4,0.59,0.00118,0.0012,0.00118,"ftsH_35,ftsH_89,ftsH2_26,ftsH4_10"
2,GO:0009165,nucleotide biosynthetic process,166,28,16.38,0.00249,0.5431,0.00249,"adk2_37,adk2_55,atpC_103,atpG_16,atpI_11,carA_21,cbbA_32,dfp_20,folD_19,gap2_50,nadA_7,prk_40,prsA_14,purB_49,purC_80,purE_7,purH_74,pyrC_39,pyrC2_13,pyrD_13,pyrH_22,sll1258_23,slr0519_10,slr0519_21,slr0591_22,slr0591_73,slr0812_15,yibO_19"
2,GO:0015977,carbon fixation,12,5,1.18,0.00397,0.0040,0.00397,"glpX_55,ppc_15,prk_40,rbcL_10,rbcS_23"
2,GO:0009156,ribonucleoside monophosphate biosyntheti...,102,19,10.06,0.00410,0.2111,0.00410,"adk2_37,adk2_55,atpC_103,atpG_16,atpI_11,carA_21,cbbA_32,gap2_50,prk_40,prsA_14,purB_49,purC_80,purE_7,purH_74,pyrC2_13,pyrD_13,slr0519_10,slr0519_21,yibO_19"
2,GO:0010206,photosystem II repair,8,4,0.79,0.00470,0.0047,0.00470,"ftsH_35,ftsH_89,ftsH2_26,ftsH4_10"
2,GO:0008610,lipid biosynthetic process,96,18,9.47,0.00481,0.8169,0.00481,"fabF_52,fabF_71,fabG_44,gcpE_24,glmU_37,lipA_36,lipA_4,lipA2_31,lpxA_17,lpxA_30,lpxD_11,pds_16,pds_31,sds_7,sll1377_31,slr0495_30,slr0606_20,slr0951_15"
2,GO:0006418,tRNA aminoacylation for protein translat...,44,12,4.34,0.00077,1.0000,0.00586,"alaS_4,cysS_22,hisS_11,hisS2_39,ileS_28,leuS_78,lysS_16,lysS_4,proS_84,serS_50,thrS_19,trpS_40"
2,GO:0046390,ribose phosphate biosynthetic process,132,22,13.02,0.00835,0.6110,0.00835,"adk2_37,adk2_55,atpC_103,atpG_16,atpI_11,carA_21,cbbA_32,dfp_20,gap2_50,prk_40,prsA_14,purB_49,purC_80,purE_7,purH_74,pyrC2_13,pyrD_13,pyrH_22,slr0519_10,slr0519_21,slr0812_15,yibO_19"
2,GO:0018193,peptidyl-amino acid modification,14,5,1.38,0.00852,1.0000,0.00852,"hemC_13,lipA_36,lipA_4,lipA2_31,slr0495_30"
2,GO:0006430,lysyl-tRNA aminoacylation,2,2,0.2,0.00970,1.0000,0.00970,"lysS_16,lysS_4"
2,GO:0045903,positive regulation of translational fid...,2,2,0.2,0.00970,0.0097,0.00970,"rps4_18,rps4_35"
2,GO:0070681,glutaminyl-tRNAGln biosynthesis via tran...,2,2,0.2,0.00970,1.0000,0.00970,"pet112_17,pet112_54"
2,GO:2001061,D-glycero-D-manno-heptose 7-phosphate bi...,2,2,0.2,0.00970,0.0097,0.00970,"gmhA_31,gmhA_55"
2,GO:0000096,sulfur amino acid metabolic process,26,7,2.57,0.01063,1.0000,0.01063,"ahcY_47,cysE_48,folD_19,nifS3_11,slr2141_31,slr2141_67,thrA_34"
2,GO:0019684,"photosynthesis, light reaction",54,14,5.33,0.00050,0.0110,0.01098,"ftsH_35,ftsH_89,ftsH2_26,ftsH4_10,ndhA_56,ndhH_4,ndhK_6,psaC_5,psbC_97,psbD_272,psbF_8,psbO_76,psbV_52,ycf9_65"
2,GO:0018065,protein-cofactor linkage,10,4,0.99,0.01202,0.0120,0.01202,"hemC_13,lipA_36,lipA_4,lipA2_31"
2,GO:0019253,reductive pentose-phosphate cycle,10,4,0.99,0.01202,1.0000,0.01202,"glpX_55,prk_40,rbcL_10,rbcS_23"
2,GO:0072528,pyrimidine-containing compound biosynthe...,46,10,4.54,0.01204,1.0000,0.01204,"carA_21,prk_40,pyrC_39,pyrC2_13,pyrD_13,pyrH_22,sll1258_23,slr1787_27,thiC_26,thiG_127"
2,GO:0009058,biosynthetic process,1110,173,109.53,1.6e-18,0.2396,0.01280,"adk2_37,adk2_55,alaS_4,argD_4,argD_52,argH_46,aroB_21,aroB_7,aroC_37,aroE_29,aroE_3,aroK_4,aroK_41,atpC_103,atpG_16,atpI_11,carA_21,cbbA_32,cbiA_43,chlM_52,cysE_48,cysG_57,cysS_22,dapB_79,deoC_23,dfp_20,dnaB_23,dnaJ2_39,fabF_52,fabF_71,fabG_44,folD_19,folE_22,gap2_50,gcpE_24,glmS_28,glmU_37,glpX_55,gmhA_31,gmhA_55,gylA_44,hemC_13,hemF_12,hemF_45,hemL_19,hisC2_69,hisG_18,hisG_7,hisI_28,hisS_11,hisS2_39,ileS_28,ilvE_15,ilvN_12,ilvN_42,infB_10,leuD_20,leuS_78,lipA_36,lipA_4,lipA2_31,lpxA_17,lpxA_30,lpxD_11,lysA_18,lysS_16,lysS_4,met3_19,moaA_7,mraY_22,murD_34,murE_46,murF_29,murI_58,murZ_62,nadA_7,ntcA_16,panB_48,panC/kcy_44,pds_16,pds_31,pet112_17,pet112_54,prk_40,proS_84,prsA_14,purB_49,purC_80,purE_7,purH_74,pyrC_39,pyrC2_13,pyrD_13,pyrH_22,rbcL_10,rbcS_23,ribA_10,ribA_106,ribG_11,rpl1_40,rpl1_68,rpl10_56,rpl12_103,rpl16_26,rpl16_76,rpl19_4,rpl29_67,rpl3_71,rpl31_20,rpl33_37,rpl5_47,rpl6_20,rpoB_28,rpoB_8,rpoC2_32,rpoDI_37,rps10_26,rps13_23,rps14_41,rps15_4,rps17_146,rps19_41,rps2_53,rps20_50,rps21_30,rps21_50,rps4_18,rps4_35,rps5_65,rps7_109,sds_7,serS_50,sll0210_31,sll0210_55,sll0396_118,sll0998_11,sll1214_22,sll1258_23,sll1377_31,sll1500_16,sll1500_37,sll1558_52,slr0007_10,slr0007_55,slr0116_25,slr0488_6,slr0495_30,slr0519_10,slr0519_21,slr0591_22,slr0591_73,slr0606_20,slr0812_15,slr0877_49,slr0951_15,slr1050_26,slr1424_10,slr1424_24,slr1742_27,slr1787_27,smpB_233,ssb_17,thiC_26,thiG_127,thrA_34,thrB_28,thrC2_38,thrS_19,trpD_19,trpE_57,trpS_40,ubiA_7,yibO_19"
2,GO:0009260,ribonucleotide biosynthetic process,130,21,12.83,0.01403,0.7770,0.01403,"adk2_37,adk2_55,atpC_103,atpG_16,atpI_11,carA_21,cbbA_32,dfp_20,gap2_50,prk_40,purB_49,purC_80,purE_7,purH_74,pyrC2_13,pyrD_13,pyrH_22,slr0519_10,slr0519_21,slr0812_15,yibO_19"
2,GO:0072527,pyrimidine-containing compound metabolic...,54,11,5.33,0.01408,1.0000,0.01408,"carA_21,panC/kcy_44,prk_40,pyrC_39,pyrC2_13,pyrD_13,pyrH_22,sll1258_23,slr1787_27,thiC_26,thiG_127"
2,GO:0009106,lipoate metabolic process,6,3,0.59,0.01514,1.0000,0.01514,"lipA_36,lipA_4,lipA2_31"
2,GO:0009107,lipoate biosynthetic process,6,3,0.59,0.01514,0.0151,0.01514,"lipA_36,lipA_4,lipA2_31"
2,GO:0006555,methionine metabolic process,16,5,1.58,0.01577,0.0158,0.01577,"ahcY_47,folD_19,slr2141_31,slr2141_67,thrA_34"
2,GO:0009067,aspartate family amino acid biosynthetic...,28,7,2.76,0.01614,1.0000,0.01614,"dapB_79,folD_19,lysA_18,slr0495_30,thrA_34,thrB_28,thrC2_38"
2,GO:0044283,small molecule biosynthetic process,354,61,34.93,2.0e-06,1.0000,0.01631,"argD_4,argD_52,argH_46,aroB_21,aroB_7,aroC_37,aroE_29,aroE_3,aroK_4,aroK_41,carA_21,cbbA_32,cbiA_43,cysE_48,cysG_57,dapB_79,deoC_23,fabF_52,fabF_71,fabG_44,folD_19,folE_22,gap2_50,glpX_55,gylA_44,hisC2_69,hisG_18,hisG_7,hisI_28,hisS2_39,ilvE_15,ilvN_12,ilvN_42,leuD_20,lipA_36,lipA_4,lipA2_31,lysA_18,panB_48,panC/kcy_44,prk_40,pyrC2_13,pyrD_13,pyrH_22,ribA_10,ribA_106,ribG_11,serS_50,sll1500_16,sll1500_37,slr0495_30,slr1742_27,slr1787_27,thiC_26,thrA_34,thrB_28,thrC2_38,trpD_19,trpE_57,ubiA_7,yibO_19"
2,GO:0015979,photosynthesis,192,31,18.95,0.00300,0.4337,0.01663,"chlM_52,cpcA_22,cpcA_8,cpcB_28,cpcB_53,ftsH_35,ftsH_89,ftsH2_26,ftsH4_10,glpX_55,ndhA_56,ndhH_4,ndhK_6,petA_37,petB_67,petC_55,prk_40,psaC_5,psbC_97,psbD_272,psbF_8,psbK_53,psbO_76,psbV_52,rbcL_10,rbcS_23,sds_7,sll1214_22,ycf3_3,ycf6_46,ycf9_65"
2,GO:0000105,histidine biosynthetic process,22,6,2.17,0.01666,1.0000,0.01666,"folD_19,hisC2_69,hisG_18,hisG_7,hisI_28,hisS2_39"
2,GO:0006547,histidine metabolic process,22,6,2.17,0.01666,1.0000,0.01666,"folD_19,hisC2_69,hisG_18,hisG_7,hisI_28,hisS2_39"
2,GO:0052803,imidazole-containing compound metabolic ...,22,6,2.17,0.01666,1.0000,0.01666,"folD_19,hisC2_69,hisG_18,hisG_7,hisI_28,hisS2_39"
2,GO:0006767,water-soluble vitamin metabolic process,70,13,6.91,0.01701,1.0000,0.01701,"cbiA_43,cysG_57,dfp_20,panB_48,panC/kcy_44,ribA_10,ribA_106,ribG_11,sll1500_16,sll1500_37,slr1742_27,slr1787_27,thiC_26"
2,GO:0009127,purine nucleoside monophosphate biosynth...,78,14,7.7,0.01800,1.0000,0.01800,"adk2_37,adk2_55,atpC_103,atpG_16,atpI_11,cbbA_32,gap2_50,purB_49,purC_80,purE_7,purH_74,slr0519_10,slr0519_21,yibO_19"
2,GO:0009168,purine ribonucleoside monophosphate bios...,78,14,7.7,0.01800,1.0000,0.01800,"adk2_37,adk2_55,atpC_103,atpG_16,atpI_11,cbbA_32,gap2_50,purB_49,purC_80,purE_7,purH_74,slr0519_10,slr0519_21,yibO_19"
2,GO:0044255,cellular lipid metabolic process,110,18,10.85,0.01968,0.7625,0.01968,"fabF_52,fabF_71,fabG_44,gcpE_24,glmU_37,lipA_36,lipA_4,lipA2_31,lpxA_17,lpxA_30,lpxD_11,pds_16,pds_31,sds_7,sll1377_31,slr0495_30,slr0606_20,slr0951_15"
2,GO:0006164,purine nucleotide biosynthetic process,106,17,10.46,0.02769,0.7797,0.02769,"adk2_37,adk2_55,atpC_103,atpG_16,atpI_11,cbbA_32,dfp_20,folD_19,gap2_50,purB_49,purC_80,purE_7,purH_74,slr0519_10,slr0519_21,slr0812_15,yibO_19"
2,GO:0007049,cell cycle,38,8,3.75,0.02856,0.0107,0.02856,"ftsZ_94,mraY_22,murD_34,murE_46,murF_29,murZ_62,slr1424_10,slr1424_24"
2,GO:0051301,cell division,38,8,3.75,0.02856,0.0107,0.02856,"ftsZ_94,mraY_22,murD_34,murE_46,murF_29,murZ_62,slr1424_10,slr1424_24"
2,GO:0042364,water-soluble vitamin biosynthetic proce...,68,12,6.71,0.03112,0.7837,0.03112,"cbiA_43,cysG_57,panB_48,panC/kcy_44,ribA_10,ribA_106,ribG_11,sll1500_16,sll1500_37,slr1742_27,slr1787_27,thiC_26"
3,GO:1901566,organonitrogen compound biosynthetic pro...,686,183,114.9,1.4e-15,0.12802,1.2e-06,"accA_80,accD_57,alr_28,argB_77,argG_10,argG_28,argJ_15,argS_37,aroA_4,aroC_49,aroQ_29,asd_43,asd_55,asnS_81,aspS_34,aspS_55,atpA_15,atpA_55,atpB_40,atpD_10,atpD_36,atpF_135,atpF_85,atpH_10,bioB_16,bioF_145,cbiC_41,cbiC_63,cbiD_25,cbiP_47,chlD_15,chlD_4,chlI_16,cysG_109,cysH_30,cysK_49,dapA_22,dapF_23,def_42,eno_68,folD_7,folE_4,folK_27,folP_157,glmS_47,glmU_120,glnA_4,gltB2_15,gltX_22,gltX_8,glyQ_71,glyS_74,guaA_21,guaA_7,hemA_93,hemB_6,hemC_50,hemH_77,hisB2_16,hisC2_32,hisD2_26,hisF_96,ileS_10,ilvE_44,infB_115,kdtB_29,kdtB_44,leuA2_70,leuB_22,leuC_13,leuC_57,leuS_109,moaA_36,moaE_33,moeA_64,mrdB_10,mrdB_37,murC_47,murC_88,murD_3,murE_64,murF_7,murG_105,murG_57,murI_9,nadC_37,panD_55,pcr_46,pdxA_34,pdxA_45,pgi_8,phdD_65,pheT_28,pheT_51,prk_4,proB_20,proS_70,purA_35,purA_71,purE_55,purF_45,purF_6,purK_16,purK_61,purL_17,purL2_26,purL2_64,pyrB_13,pyrB_41,pyrC_18,pyrC2_24,pyrD_27,pyrF_36,pyrF_4,pyrH_100,ribH_107,ribH_52,rpl11_34,rpl12_149,rpl22_22,rpl23_67,rpl24_21,rpl27_52,rpl3_121,rpl34_25,rpl36_82,rpl4_58,rpl5_34,rps11_50,rps12_81,rps14_13,rps16_11,rps17_81,rps18_27,rps18_45,rps32_47,rps32_73,rps5_43,rps9_67,serA_10,serA_43,serS_30,sll0037_39,sll0037_4,sll0228_22,sll0480_37,sll0480_4,sll1214_10,sll1489_33,sll1489_49,sll1635_54,sll1824_24,sll1824_37,sll1945_70,slr0033_14,slr0033_31,slr0116_4,slr0488_22,slr0636_110,slr0923_25,slr0990_37,slr1626_127,slr1626_27,slr1742_74,ssl0438_78,thiC_37,thiE_43,thrA_69,thrB_73,thrC2_22,trpA_60,trpC_27,trpD_38,trpE2_75,trpF_32,trpF_4,trpS_112,tyrS_54,umpS_13,umpS_34,upp_27,valS_15,valS_4"
3,GO:0006418,tRNA aminoacylation for protein translat...,44,18,7.37,0.00011,0.00011,0.00011,"argS_37,asnS_81,aspS_34,aspS_55,gltX_22,gltX_8,glyQ_71,glyS_74,ileS_10,leuS_109,pheT_28,pheT_51,proS_70,serS_30,trpS_112,tyrS_54,valS_15,valS_4"
3,GO:0019464,glycine decarboxylation via glycine clea...,6,5,1,0.00067,0.00067,0.00067,"gcvH_15,gcvH_40,gcvP_19,gcvP_3,gcvT_14"
3,GO:0044205,'de novo' UMP biosynthetic process,14,8,2.34,0.00068,1.00000,0.00068,"pyrB_13,pyrB_41,pyrC2_24,pyrD_27,pyrF_36,pyrF_4,umpS_13,umpS_34"
3,GO:0019684,"photosynthesis, light reaction",54,19,9.04,0.00071,0.41480,0.00071,"ftsH2_12,ftsH4_22,isiA_43,ndhA_124,ndhB_51,ndhB_77,ndhC_70,ndhH_16,ndhJ_41,ndhJ_61,ndhK_29,petD_18,petD_46,psbB_9,psbC_79,psbD_290,psbF_71,psbV_85,ycf9_94"
3,GO:0009252,peptidoglycan biosynthetic process,28,12,4.69,0.00096,0.00096,0.00096,"glmU_120,mrdB_10,mrdB_37,murC_47,murC_88,murD_3,murE_64,murF_7,murG_105,murG_57,murI_9,slr0488_22"
3,GO:0008360,regulation of cell shape,30,12,5.02,0.00198,0.00198,0.00198,"glmU_120,mrdB_10,mrdB_37,murC_47,murC_88,murD_3,murE_64,murF_7,murG_105,murG_57,murI_9,slr0488_22"
3,GO:0046040,IMP metabolic process,30,12,5.02,0.00198,0.12967,0.00198,"purA_35,purA_71,purE_55,purF_45,purF_6,purK_16,purK_61,purL_17,purL2_26,purL2_64,sll1489_33,sll1489_49"
3,GO:0042372,phylloquinone biosynthetic process,10,6,1.67,0.00245,1.00000,0.00245,"gerCb_55,menA_34,menA_4,menD_17,menD_31,sll0409_44"
3,GO:0051188,cofactor biosynthetic process,220,59,36.85,5.1e-05,0.00270,0.00309,"accA_80,accD_57,bioB_16,bioF_145,cbiC_41,cbiC_63,cbiD_25,cbiP_47,chlD_15,chlD_4,chlI_16,cysG_109,eno_68,folD_7,folE_4,folK_27,folP_157,gerCb_55,hemA_93,hemB_6,hemC_50,hemH_77,kdtB_29,kdtB_44,lipA2_3,lipB_4,menA_34,menA_4,menD_17,menD_31,metX_11,metX_32,moaA_36,moaE_33,moeA_64,nadC_37,panD_55,pcr_46,pdxA_34,pdxA_45,pgi_8,phdD_65,sll0037_39,sll0037_4,sll0409_44,sll1214_10,sll1659_43,slr0116_4,slr0636_110,slr1626_127,slr1626_27,slr1718_24,slr1718_36,slr1742_74,thiC_37,thiE_43,ubiA_22,ubiH_4,ubiX_52"
3,GO:0043436,oxoacid metabolic process,368,111,61.64,1.8e-12,0.89124,0.00348,"accA_80,accD_57,alr_28,argB_77,argG_10,argG_28,argJ_15,argS_37,aroA_4,aroC_49,aroQ_29,asd_43,asd_55,asnS_81,aspS_34,aspS_55,bioB_16,bioF_145,cbiP_47,cysH_30,cysK_49,dapA_22,dapF_23,desA_27,eno_68,envM_85,fabD_34,fabH_62,folD_7,folE_4,folK_27,folP_157,gcvH_15,gcvH_40,gcvP_19,gcvP_3,gcvT_14,glmS_47,glnA_4,gltA_53,gltB2_15,gltX_22,gltX_8,glyQ_71,glyS_74,guaA_21,guaA_7,hisB2_16,hisC2_32,hisD2_26,hisF_96,icd_43,ileS_10,ilvE_44,leuA2_70,leuB_22,leuC_13,leuC_57,leuS_109,lipA2_3,lipB_4,nadC_37,narB_34,nrtB_23,nrtB_46,nrtC_148,panD_55,pgi_8,phdD_65,pheT_28,pheT_51,plsX_80,ppc_31,ppk_16,proB_20,proS_70,purF_45,purF_6,purL_17,purL2_26,purL2_64,pyrB_13,pyrB_41,rub_12,serA_10,serA_43,serS_30,sll0019_20,sll0019_31,sll0480_37,sll0480_4,sll0711_14,sll0711_65,slr0348_65,slr0665_214,slr1542_35,slr1626_127,slr1626_27,thrA_69,thrB_73,thrC2_22,trpA_60,trpC_27,trpD_38,trpE2_75,trpF_32,trpF_4,trpS_112,tyrS_54,valS_15,valS_4"
3,GO:0071555,cell wall organization,32,12,5.36,0.00376,0.00376,0.00376,"glmU_120,mrdB_10,mrdB_37,murC_47,murC_88,murD_3,murE_64,murF_7,murG_105,murG_57,murI_9,slr0488_22"
3,GO:0042364,water-soluble vitamin biosynthetic proce...,68,23,11.39,0.00038,1.00000,0.00408,"bioB_16,bioF_145,cbiC_41,cbiC_63,cbiD_25,cbiP_47,cysG_109,folK_27,folP_157,panD_55,pdxA_34,pdxA_45,ribH_107,ribH_52,sll0037_39,sll0037_4,sll1945_70,slr0636_110,slr1626_127,slr1626_27,slr1742_74,thiC_37,thiE_43"
3,GO:0000103,sulfate assimilation,14,7,2.34,0.00411,0.00411,0.00411,"cysC_101,cysC_136,cysH_30,met3_60,trxA2_25,trxA3_87,trxM_82"
3,GO:0019856,pyrimidine nucleobase biosynthetic proce...,14,7,2.34,0.00411,1.00000,0.00411,"pyrB_13,pyrB_41,pyrC2_24,pyrD_27,pyrF_36,pyrF_4,upp_27"
3,GO:0016053,organic acid biosynthetic process,220,63,36.85,2.5e-06,0.65632,0.00428,"accA_80,accD_57,alr_28,argB_77,argG_10,argG_28,argJ_15,aroA_4,aroC_49,aroQ_29,asd_43,asd_55,bioB_16,bioF_145,cysH_30,cysK_49,dapA_22,dapF_23,desA_27,eno_68,envM_85,fabD_34,fabH_62,folD_7,folE_4,folK_27,folP_157,glnA_4,gltB2_15,hisB2_16,hisC2_32,hisD2_26,hisF_96,ilvE_44,leuA2_70,leuB_22,leuC_13,leuC_57,lipA2_3,lipB_4,panD_55,pgi_8,phdD_65,plsX_80,proB_20,serA_10,serA_43,serS_30,sll0480_37,sll0480_4,slr1626_127,slr1626_27,slr1718_24,slr1718_36,thrA_69,thrB_73,thrC2_22,trpA_60,trpC_27,trpD_38,trpE2_75,trpF_32,trpF_4"
3,GO:0044272,sulfur compound biosynthetic process,64,22,10.72,0.00040,0.65459,0.00442,"accA_80,accD_57,asd_43,asd_55,bioB_16,bioF_145,cysC_101,cysC_136,cysH_30,cysK_49,folD_7,lipA2_3,lipB_4,met3_60,metX_11,metX_32,sll1945_70,slr1718_24,slr1718_36,thiC_37,thiE_43,thrA_69"
3,GO:0009088,threonine biosynthetic process,8,5,1.34,0.00464,0.00464,0.00464,"asd_43,asd_55,thrA_69,thrB_73,thrC2_22"
3,GO:0046654,tetrahydrofolate biosynthetic process,8,5,1.34,0.00464,0.00464,0.00464,"folE_4,folK_27,folP_157,slr1626_127,slr1626_27"
3,GO:0015986,ATP synthesis coupled proton transport,18,8,3.01,0.00533,0.00533,0.00533,"atpA_15,atpA_55,atpB_40,atpD_10,atpD_36,atpF_135,atpF_85,atpH_10"
3,GO:0017144,drug metabolic process,196,59,32.83,8.8e-07,0.85166,0.00615,"asd_43,asd_55,atpA_15,atpA_55,atpB_40,atpD_10,atpD_36,atpF_135,atpF_85,atpH_10,bioB_16,bioF_145,cbiC_41,cbiC_63,cbiD_25,cbiP_47,cysC_101,cysC_136,cysG_109,cysH_30,eno_68,folE_4,folK_27,folP_157,gcvH_15,gcvH_40,gcvP_19,gcvP_3,gcvT_14,gltA_53,gltB2_15,icd_43,met3_60,metX_11,metX_32,nadC_37,ndhB_51,ndhB_77,pdxA_34,pdxA_45,pgi_8,phdD_65,ppc_31,proB_20,purA_35,purA_71,ribH_107,ribH_52,sll0037_39,sll0037_4,sll1945_70,slr0636_110,slr0665_214,slr1626_127,slr1626_27,slr1742_74,thiC_37,thiE_43,upp_27"
3,GO:0006541,glutamine metabolic process,30,11,5.02,0.00667,0.00667,0.00667,"cbiP_47,glmS_47,glnA_4,gltB2_15,guaA_21,guaA_7,purF_45,purF_6,purL_17,purL2_26,purL2_64"
3,GO:0000162,tryptophan biosynthetic process,12,6,2.01,0.00797,0.00797,0.00797,"trpA_60,trpC_27,trpD_38,trpE2_75,trpF_32,trpF_4"
3,GO:0009089,lysine biosynthetic process via diaminop...,12,6,2.01,0.00797,0.00797,0.00797,"asd_43,asd_55,dapA_22,dapF_23,sll0480_37,sll0480_4"
3,GO:0019288,isopentenyl diphosphate biosynthetic pro...,12,6,2.01,0.00797,0.00797,0.00797,"sll0019_20,sll0019_31,sll0711_14,sll0711_65,slr0348_65,slr1542_35"
3,GO:0055114,oxidation-reduction process,162,39,27.13,0.00849,0.18697,0.00849,"apcA_43,apcB_67,apcF_115,apcF_59,ccsA_99,cysH_30,ftrV_28,ftrV_50,ftsH2_12,ftsH4_22,gltA_53,ho1_47,icd_43,isiA_43,ndhB_51,ndhB_77,petA_100,petB_85,petD_18,petD_46,petE_64,petG_42,petG_9,ppc_31,psbB_9,psbC_79,psbD_290,psbF_71,psbV_85,rub_12,sll0550_10,sll1220_20,slr0665_214,slr1334_106,slr1334_12,trxA2_25,trxA3_87,trxM_82,ycf6_52"
3,GO:0009124,nucleoside monophosphate biosynthetic pr...,104,36,17.42,4.6e-06,0.75110,0.00873,"atpA_15,atpA_55,atpB_40,atpD_10,atpD_36,atpF_135,atpF_85,atpH_10,eno_68,guaA_21,guaA_7,pgi_8,phdD_65,prk_4,purA_35,purA_71,purE_55,purF_45,purF_6,purK_16,purK_61,purL_17,purL2_26,purL2_64,pyrB_13,pyrB_41,pyrC2_24,pyrD_27,pyrF_36,pyrF_4,sll1489_33,sll1489_49,sll1635_54,umpS_13,umpS_34,upp_27"
3,GO:0015991,ATP hydrolysis coupled proton transport,6,4,1,0.00878,0.00878,0.00878,"atpA_15,atpA_55,atpB_40,atpH_10"
3,GO:0046656,folic acid biosynthetic process,6,4,1,0.00878,1.00000,0.00878,"folK_27,folP_157,slr1626_127,slr1626_27"
3,GO:0070814,hydrogen sulfide biosynthetic process,6,4,1,0.00878,0.00878,0.00878,"cysC_101,cysC_136,cysH_30,met3_60"
3,GO:0046394,carboxylic acid biosynthetic process,218,61,36.51,8.6e-06,0.70529,0.01025,"accA_80,accD_57,alr_28,argB_77,argG_10,argG_28,argJ_15,aroA_4,aroC_49,aroQ_29,asd_43,asd_55,bioB_16,bioF_145,cysH_30,cysK_49,dapA_22,dapF_23,desA_27,eno_68,envM_85,fabD_34,fabH_62,folD_7,folE_4,folK_27,folP_157,glnA_4,gltB2_15,hisB2_16,hisC2_32,hisD2_26,hisF_96,ilvE_44,leuA2_70,leuB_22,leuC_13,leuC_57,lipA2_3,lipB_4,panD_55,pgi_8,phdD_65,plsX_80,proB_20,serA_10,serA_43,serS_30,sll0480_37,sll0480_4,slr1626_127,slr1626_27,thrA_69,thrB_73,thrC2_22,trpA_60,trpC_27,trpD_38,trpE2_75,trpF_32,trpF_4"
3,GO:0009767,photosynthetic electron transport chain,24,9,4.02,0.01174,1.00000,0.01174,"ftsH2_12,ftsH4_22,isiA_43,petD_18,petD_46,psbB_9,psbC_79,psbD_290,psbF_71"
3,GO:0006188,IMP biosynthetic process,28,10,4.69,0.01176,1.00000,0.01176,"purE_55,purF_45,purF_6,purK_16,purK_61,purL_17,purL2_26,purL2_64,sll1489_33,sll1489_49"
3,GO:0006189,'de novo' IMP biosynthetic process,28,10,4.69,0.01176,0.01176,0.01176,"purE_55,purF_45,purF_6,purK_16,purK_61,purL_17,purL2_26,purL2_64,sll1489_33,sll1489_49"
3,GO:0019752,carboxylic acid metabolic process,354,106,59.29,1.2e-11,0.93990,0.01256,"accA_80,accD_57,alr_28,argB_77,argG_10,argG_28,argJ_15,argS_37,aroA_4,aroC_49,aroQ_29,asd_43,asd_55,asnS_81,aspS_34,aspS_55,bioB_16,bioF_145,cbiP_47,cysH_30,cysK_49,dapA_22,dapF_23,desA_27,eno_68,envM_85,fabD_34,fabH_62,folD_7,folE_4,folK_27,folP_157,gcvH_15,gcvH_40,gcvP_19,gcvP_3,gcvT_14,glmS_47,glnA_4,gltA_53,gltB2_15,gltX_22,gltX_8,glyQ_71,glyS_74,guaA_21,guaA_7,hisB2_16,hisC2_32,hisD2_26,hisF_96,icd_43,ileS_10,ilvE_44,leuA2_70,leuB_22,leuC_13,leuC_57,leuS_109,lipA2_3,lipB_4,nadC_37,panD_55,pgi_8,phdD_65,pheT_28,pheT_51,plsX_80,ppc_31,proB_20,proS_70,purF_45,purF_6,purL_17,purL2_26,purL2_64,pyrB_13,pyrB_41,rub_12,serA_10,serA_43,serS_30,sll0019_20,sll0019_31,sll0480_37,sll0480_4,sll0711_14,sll0711_65,slr0348_65,slr0665_214,slr1542_35,slr1626_127,slr1626_27,thrA_69,thrB_73,thrC2_22,trpA_60,trpC_27,trpD_38,trpE2_75,trpF_32,trpF_4,trpS_112,tyrS_54,valS_15,valS_4"
3,GO:0009156,ribonucleoside monophosphate biosyntheti...,102,35,17.08,7.9e-06,0.72832,0.01353,"atpA_15,atpA_55,atpB_40,atpD_10,atpD_36,atpF_135,atpF_85,atpH_10,eno_68,guaA_21,guaA_7,pgi_8,phdD_65,prk_4,purA_35,purA_71,purE_55,purF_45,purF_6,purK_16,purK_61,purL_17,purL2_26,purL2_64,pyrB_13,pyrB_41,pyrC2_24,pyrD_27,pyrF_36,pyrF_4,sll1489_33,sll1489_49,umpS_13,umpS_34,upp_27"
3,GO:0044255,cellular lipid metabolic process,110,31,18.42,0.00146,0.55350,0.01420,"accA_80,accD_57,desA_27,dgkA_15,envM_85,fabD_34,fabH_62,glmU_120,gpsA_29,gpsA_55,lipA2_3,lipB_4,murG_105,murG_57,plsX_80,pys_21,rub_12,sds_25,sll0019_20,sll0019_31,sll0711_14,sll0711_65,sll1377_4,sll1848_39,sll1848_7,sll1945_70,slr0348_65,slr0606_8,slr0665_214,slr1542_35,slr1677_7"
3,GO:0009127,purine nucleoside monophosphate biosynth...,78,25,13.06,0.00055,0.83009,0.01420,"atpA_15,atpA_55,atpB_40,atpD_10,atpD_36,atpF_135,atpF_85,atpH_10,eno_68,guaA_21,guaA_7,pgi_8,phdD_65,purA_35,purA_71,purE_55,purF_45,purF_6,purK_16,purK_61,purL_17,purL2_26,purL2_64,sll1489_33,sll1489_49"
3,GO:0009168,purine ribonucleoside monophosphate bios...,78,25,13.06,0.00055,0.81501,0.01420,"atpA_15,atpA_55,atpB_40,atpD_10,atpD_36,atpF_135,atpF_85,atpH_10,eno_68,guaA_21,guaA_7,pgi_8,phdD_65,purA_35,purA_71,purE_55,purF_45,purF_6,purK_16,purK_61,purL_17,purL2_26,purL2_64,sll1489_33,sll1489_49"
3,GO:0006207,'de novo' pyrimidine nucleobase biosynth...,10,5,1.67,0.01558,1.00000,0.01558,"pyrB_13,pyrB_41,pyrD_27,pyrF_36,pyrF_4"
3,GO:0006662,glycerol ether metabolic process,10,5,1.67,0.01558,0.01558,0.01558,"trxA_43,trxA_95,trxA2_25,trxA3_87,trxM_82"
3,GO:0018904,ether metabolic process,10,5,1.67,0.01558,1.00000,0.01558,"trxA_43,trxA_95,trxA2_25,trxA3_87,trxM_82"
3,GO:0009233,menaquinone metabolic process,4,3,0.67,0.01635,1.00000,0.01635,"menD_17,menD_31,sll0409_44"
3,GO:0009234,menaquinone biosynthetic process,4,3,0.67,0.01635,1.00000,0.01635,"menD_17,menD_31,sll0409_44"
3,GO:1901607,alpha-amino acid biosynthetic process,126,39,21.1,3.8e-05,0.49660,0.01722,"alr_28,argB_77,argG_10,argG_28,argJ_15,asd_43,asd_55,cysH_30,cysK_49,dapA_22,dapF_23,folD_7,glnA_4,gltB2_15,hisB2_16,hisC2_32,hisD2_26,hisF_96,ilvE_44,leuA2_70,leuB_22,leuC_13,leuC_57,panD_55,proB_20,serA_10,serA_43,serS_30,sll0480_37,sll0480_4,thrA_69,thrB_73,thrC2_22,trpA_60,trpC_27,trpD_38,trpE2_75,trpF_32,trpF_4"
3,GO:0008652,cellular amino acid biosynthetic process,142,42,23.78,6.2e-05,1.00000,0.01917,"alr_28,argB_77,argG_10,argG_28,argJ_15,aroA_4,aroC_49,aroQ_29,asd_43,asd_55,cysH_30,cysK_49,dapA_22,dapF_23,folD_7,glnA_4,gltB2_15,hisB2_16,hisC2_32,hisD2_26,hisF_96,ilvE_44,leuA2_70,leuB_22,leuC_13,leuC_57,panD_55,proB_20,serA_10,serA_43,serS_30,sll0480_37,sll0480_4,thrA_69,thrB_73,thrC2_22,trpA_60,trpC_27,trpD_38,trpE2_75,trpF_32,trpF_4"
3,GO:0072350,tricarboxylic acid metabolic process,14,6,2.34,0.01921,1.00000,0.01921,"argG_10,argG_28,gltA_53,icd_43,ppc_31,slr0665_214"
3,GO:0015979,photosynthesis,192,51,32.16,0.00023,0.00067,0.01972,"apcA_43,apcB_67,apcF_115,apcF_59,chlD_15,chlD_4,chlI_16,cpcC2_19,ftrV_28,ftrV_50,ftsH2_12,ftsH4_22,glpX_10,ho1_47,isiA_43,ndhA_124,ndhB_51,ndhB_77,ndhC_70,ndhH_16,ndhJ_41,ndhJ_61,ndhK_29,pcr_46,petA_100,petB_85,petC_66,petD_18,petD_46,petG_42,petG_9,prk_4,psaD_64,psaK_22,psbB_9,psbC_79,psbD_290,psbF_71,psbH_29,psbH_66,psbJ_46,psbN_7,psbV_85,rbcL_47,sds_25,sll1214_10,sll1376_77,ycf3_40,ycf4_97,ycf6_52,ycf9_94"
3,GO:0009235,cobalamin metabolic process,26,9,4.35,0.02057,1.00000,0.02057,"cbiC_41,cbiC_63,cbiD_25,cbiP_47,cysG_109,sll0037_39,sll0037_4,slr0636_110,slr1742_74"
3,GO:0009236,cobalamin biosynthetic process,26,9,4.35,0.02057,1.00000,0.02057,"cbiC_41,cbiC_63,cbiD_25,cbiP_47,cysG_109,sll0037_39,sll0037_4,slr0636_110,slr1742_74"
4,GO:0006364,rRNA processing,48,14,5.29,0.00042,0.0098,0.00042,"rne_82,rps9_47,sll0098_4,sll0832_122,sll1547_97,slr0361_43,slr0551_19,slr0612_73,slr0722_65,slr0954_37,slr0955_40,slr1592_106,zam_109,zam_93"
4,GO:0009148,pyrimidine nucleoside triphosphate biosy...,10,5,1.1,0.00248,1.0000,0.00248,"ndkR_27,pyrG_61,pyrG_88,slr0379_10,slr0379_26"
4,GO:0006400,tRNA modification,58,14,6.4,0.00319,0.0117,0.00319,"alaS_15,gcp_129,gcp_179,gidA2_26,sll0257_29,sll0844_82,sll1063_9,sll1084_19,sll1084_7,sll1242_21,slr0320_132,slr1278_29,thdF_45,trmD_73"
4,GO:0006108,malate metabolic process,4,3,0.44,0.00488,0.0049,0.00488,"citH_21,fumC_10,fumC_25"
4,GO:0006415,translational termination,4,3,0.44,0.00488,0.0049,0.00488,"frr_85,prfC_10,prfC_27"
4,GO:0046075,dTTP metabolic process,4,3,0.44,0.00488,0.0049,0.00488,"sll1005_7,slr0379_10,slr0379_26"
4,GO:0006561,proline biosynthetic process,8,4,0.88,0.00706,0.0071,0.00706,"argB_34,proA_49,proC_4,proC_55"
4,GO:0009208,pyrimidine ribonucleoside triphosphate m...,8,4,0.88,0.00706,1.0000,0.00706,"ndkR_27,pyrG_61,pyrG_88,sll1005_7"
4,GO:0046129,purine ribonucleoside biosynthetic proce...,8,4,0.88,0.00706,1.0000,0.00706,"ndkR_27,sll0135_91,spoT_21,spoT_7"
4,GO:0009987,cellular process,1978,237,218.14,0.00056,0.9239,0.01069,"accA_45,agp_73,alaS_15,alr_40,amt1_45,argB_34,argF_43,argJ_99,argS_60,atpG_127,carA_39,cbiA_67,cdsA_3,cfxE_101,citH_21,cpcC_13,cpcC2_40,cynS_142,dapA_33,ddlA_85,deaD_22,deaD_87,desA_7,dgkA_79,dnaJ4_3,frr_85,ftsZ_114,fumC_10,fumC_25,fur2_28,fus_9,gap2_70,gcp_129,gcp_179,gcvT_32,gidA2_26,glgB_4,glnA_23,gltB2_4,glyQ_111,groEL_10,groEL_35,gyrA2_103,HAGH1_44,hemL_3,hisA_68,hisH_46,hisS2_8,icd_18,ilvC_45,ilvD_51,kdpA_41,lepA_11,lepB_10,lexA_64,lgt_34,lig_4,lipB_42,lpxB_139,lpxB_31,lpxC_21,lpxC_32,metS_28,metS_39,minE_32,minE_61,nadB_37,nadB_50,nadE_30,ndhC_110,ndhE_77,ndhI_88,ndkR_27,nifS3_77,nrdA_22,nrtA_43,ntcB_82,panB_11,petJ_94,pgk_25,phoU_16,phoU_4,polA_19,ppiB_12,ppiB_23,prfC_10,prfC_27,proA_49,proC_4,proC_55,psaA_34,psaF_23,psaF_54,psaI_10,psbU_13,psbU_76,psbX_4,psbX_49,psbZ_133,purD_77,purL_31,purM_53,purU_13,purU_31,pyrG_61,pyrG_88,pyrR_28,pyrR_41,rhnB_42,rne_82,rnpA_49,rpiA_52,rpl13_32,rpl14_16,rpl15_34,rpl18_38,rpl2_28,rpl2_55,rpl20_28,rpl21_10,rpl24_10,rpl27_4,rpl34_49,rpoA_79,rps19_24,rps2_3,rps6_35,rps6_65,rps9_47,rub_26,ruvB_16,sll0041_4,sll0047_18,sll0051_17,sll0063_24,sll0063_36,sll0098_4,sll0135_91,sll0257_29,sll0418_21,sll0685_43,sll0782_91,sll0832_122,sll0844_82,sll0853_124,sll0896_42,sll0992_22,sll1003_77,sll1005_7,sll1063_9,sll1084_19,sll1084_7,sll1091_23,sll1147_114,sll1220_4,sll1242_21,sll1367_36,sll1376_34,sll1547_97,sll1643_59,sll1647_14,sll1647_31,sll1712_8,sll1916_46,sll1988_25,sll5046_14,sll6109_226,slr0115_29,slr0115_52,slr0152_46,slr0181_51,slr0207_87,slr0236_11,slr0236_25,slr0249_27,slr0292_21,slr0306_93,slr0320_132,slr0355_84,slr0361_43,slr0373_57,slr0373_80,slr0378_154,slr0378_190,slr0379_10,slr0379_26,slr0495_6,slr0517_12,slr0523_13,slr0523_26,slr0551_19,slr0553_7,slr0612_73,slr0722_65,slr0758_32,slr0812_31,slr0897_11,slr0923_53,slr0947_23,slr0951_28,slr0954_37,slr0955_40,slr1037_17,slr1050_8,slr1278_29,slr1417_10,slr1417_25,slr1420_29,slr1442_76,slr1456_50,slr1471_130,slr1542_89,slr1592_106,slr1649_4,slr1787_48,slr1820_22,slr1846_6,slr1882_101,slr1938_71,slr2001_14,smpB_250,spoT_21,spoT_7,ssb_34,ssl2823_124,ssr2857_21,ssr5117_106,thdF_45,topA_61,tpi_129,trmD_73,trxA2_5,tyrS_103,ycf32_29,ycf32_43,zam_109,zam_93"
4,GO:0006106,fumarate metabolic process,2,2,0.22,0.01212,0.0121,0.01212,"fumC_10,fumC_25"
4,GO:0006227,dUDP biosynthetic process,2,2,0.22,0.01212,0.0121,0.01212,"slr0379_10,slr0379_26"
4,GO:0006233,dTDP biosynthetic process,2,2,0.22,0.01212,0.0121,0.01212,"slr0379_10,slr0379_26"
4,GO:0006235,dTTP biosynthetic process,2,2,0.22,0.01212,1.0000,0.01212,"slr0379_10,slr0379_26"
4,GO:0006431,methionyl-tRNA aminoacylation,2,2,0.22,0.01212,0.0121,0.01212,"metS_28,metS_39"
4,GO:0006449,regulation of translational termination,2,2,0.22,0.01212,1.0000,0.01212,"prfC_10,prfC_27"
4,GO:0007346,regulation of mitotic cell cycle,2,2,0.22,0.01212,1.0000,0.01212,"minE_32,minE_61"
4,GO:0009133,nucleoside diphosphate biosynthetic proc...,2,2,0.22,0.01212,1.0000,0.01212,"slr0379_10,slr0379_26"
4,GO:0009138,pyrimidine nucleoside diphosphate metabo...,2,2,0.22,0.01212,1.0000,0.01212,"slr0379_10,slr0379_26"
4,GO:0009139,pyrimidine nucleoside diphosphate biosyn...,2,2,0.22,0.01212,1.0000,0.01212,"slr0379_10,slr0379_26"
4,GO:0009189,deoxyribonucleoside diphosphate biosynth...,2,2,0.22,0.01212,1.0000,0.01212,"slr0379_10,slr0379_26"
4,GO:0009196,pyrimidine deoxyribonucleoside diphospha...,2,2,0.22,0.01212,1.0000,0.01212,"slr0379_10,slr0379_26"
4,GO:0009197,pyrimidine deoxyribonucleoside diphospha...,2,2,0.22,0.01212,1.0000,0.01212,"slr0379_10,slr0379_26"
4,GO:0010563,negative regulation of phosphorus metabo...,2,2,0.22,0.01212,1.0000,0.01212,"phoU_16,phoU_4"
4,GO:0010564,regulation of cell cycle process,2,2,0.22,0.01212,1.0000,0.01212,"minE_32,minE_61"
4,GO:0010966,regulation of phosphate transport,2,2,0.22,0.01212,1.0000,0.01212,"phoU_16,phoU_4"
4,GO:0015970,guanosine tetraphosphate biosynthetic pr...,2,2,0.22,0.01212,0.0121,0.01212,"spoT_21,spoT_7"
4,GO:0017000,antibiotic biosynthetic process,2,2,0.22,0.01212,0.0121,0.01212,"slr0378_154,slr0378_190"
4,GO:0019220,regulation of phosphate metabolic proces...,2,2,0.22,0.01212,1.0000,0.01212,"phoU_16,phoU_4"
4,GO:0030002,cellular anion homeostasis,2,2,0.22,0.01212,1.0000,0.01212,"phoU_16,phoU_4"
4,GO:0030320,cellular monovalent inorganic anion home...,2,2,0.22,0.01212,1.0000,0.01212,"phoU_16,phoU_4"
4,GO:0030643,cellular phosphate ion homeostasis,2,2,0.22,0.01212,0.0121,0.01212,"phoU_16,phoU_4"
4,GO:0032465,regulation of cytokinesis,2,2,0.22,0.01212,1.0000,0.01212,"minE_32,minE_61"
4,GO:0032954,regulation of cytokinetic process,2,2,0.22,0.01212,1.0000,0.01212,"minE_32,minE_61"
4,GO:0032955,regulation of division septum assembly,2,2,0.22,0.01212,0.0121,0.01212,"minE_32,minE_61"
4,GO:0034036,purine ribonucleoside bisphosphate biosy...,2,2,0.22,0.01212,1.0000,0.01212,"spoT_21,spoT_7"
4,GO:0034762,regulation of transmembrane transport,2,2,0.22,0.01212,1.0000,0.01212,"phoU_16,phoU_4"
4,GO:0034763,negative regulation of transmembrane tra...,2,2,0.22,0.01212,1.0000,0.01212,"phoU_16,phoU_4"
4,GO:0034765,regulation of ion transmembrane transpor...,2,2,0.22,0.01212,1.0000,0.01212,"phoU_16,phoU_4"
4,GO:0034766,negative regulation of ion transmembrane...,2,2,0.22,0.01212,1.0000,0.01212,"phoU_16,phoU_4"
4,GO:0043269,regulation of ion transport,2,2,0.22,0.01212,1.0000,0.01212,"phoU_16,phoU_4"
4,GO:0043271,negative regulation of ion transport,2,2,0.22,0.01212,1.0000,0.01212,"phoU_16,phoU_4"
4,GO:0044070,regulation of anion transport,2,2,0.22,0.01212,1.0000,0.01212,"phoU_16,phoU_4"
4,GO:0045936,negative regulation of phosphate metabol...,2,2,0.22,0.01212,0.0121,0.01212,"phoU_16,phoU_4"
4,GO:0046072,dTDP metabolic process,2,2,0.22,0.01212,1.0000,0.01212,"slr0379_10,slr0379_26"
4,GO:0046077,dUDP metabolic process,2,2,0.22,0.01212,1.0000,0.01212,"slr0379_10,slr0379_26"
4,GO:0051051,negative regulation of transport,2,2,0.22,0.01212,1.0000,0.01212,"phoU_16,phoU_4"
4,GO:0051174,regulation of phosphorus metabolic proce...,2,2,0.22,0.01212,1.0000,0.01212,"phoU_16,phoU_4"
4,GO:0051302,regulation of cell division,2,2,0.22,0.01212,1.0000,0.01212,"minE_32,minE_61"
4,GO:0055062,phosphate ion homeostasis,2,2,0.22,0.01212,1.0000,0.01212,"phoU_16,phoU_4"
5,GO:0006313,"transposition, DNA-mediated",42,42,23.32,1.4e-11,1.4e-11,1.4e-11,"sll0161_176,sll0161_213,sll0315_48,sll0315_63,sll0317_290,sll0317_49,sll0986_236,sll0986_263,sll1157_154,sll1157_17,sll1255_48,sll1255_63,sll1560_48,sll1560_63,sll1710_182,sll1710_260,sll1716_212,sll1716_451,sll1861_183,sll1861_8,sll1999_106,sll1999_169,sll5041_40,sll5041_7,slr0166_176,slr0166_213,slr0265_212,slr0265_41,slr0511_446,slr0511_495,slr1903_106,slr1903_12,slr2036_48,slr2036_63,slr2096_266,slr2096_294,slr5040_305,slr5040_74,slr7008_48,slr7008_63,ssr2699_134,ssr2699_171"
5,GO:0006355,"regulation of transcription, DNA-templat...",140,111,77.72,1.3e-09,0.54070,1.3e-09,"dfr_100,fmu/fmv_50,fmu/fmv_73,glnB_29,glnB_56,hrcA_29,hrcA_9,merR3_16,merR3_96,mfd_9,mfd_94,nusB_24,nusB_3,phr_29,phr_80,phy_26,phy_4,sll0396_43,sll0649_121,sll0649_152,sll0782_159,sll0789_433,sll0789_454,sll0797_100,sll0797_143,sll0821_5,sll0821_56,sll0921_103,sll0921_47,sll1003_63,sll1169_103,sll1169_44,sll1286_20,sll1286_64,sll1330_35,sll1330_6,sll1371_12,sll1371_94,sll1392_34,sll1392_9,sll1512_14,sll1512_25,sll1544_34,sll1544_82,sll1592_10,sll1592_56,sll1708_103,sll1708_13,sll1924_248,sll1924_6,sll5123_29,sll5123_3,sll7006_13,sll7006_24,sll7031_25,sll7031_4,sll8020_22,sll8020_5,slr0081_52,slr0222_17,slr0222_3,slr0240_24,slr0249_109,slr0311_273,slr0311_289,slr0312_106,slr0312_5,slr0449_41,slr0758_97,slr0780_23,slr0780_9,slr0829_187,slr0829_202,slr0895_25,slr0895_39,slr0947_40,slr0989_52,slr0989_67,slr1213_44,slr1213_7,slr1385_16,slr1385_37,slr1529_28,slr1529_4,slr1584_30,slr1584_43,slr1837_34,slr1837_4,slr1856_64,slr1859_166,slr1859_49,slr1909_59,slr1909_95,slr1912_14,slr1912_45,slr1942_8,slr1942_80,slr6040_335,slr6040_435,ssl0511_112,ssl0511_54,ssl0564_21,ssl0564_7,ssl1326_52,ssl1326_64,ssl5065_111,ssl5065_54,ssl6092_160,ssl6092_181,ssl7004_46,ssl7004_82"
5,GO:0000160,phosphorelay signal transduction system,82,69,45.52,2.2e-08,0.54526,2.2e-08,"sll0038_22,sll0038_9,sll0039_28,sll0039_85,sll0396_43,sll0485_17,sll0485_4,sll0649_121,sll0649_152,sll0789_433,sll0789_454,sll0797_100,sll0797_143,sll0921_103,sll0921_47,sll1291_22,sll1291_9,sll1292_28,sll1292_67,sll1330_35,sll1330_6,sll1592_10,sll1592_56,sll1624_46,sll1673_47,sll1673_59,sll1708_103,sll1708_13,sll5059_37,sll5059_55,slr0073_15,slr0073_37,slr0081_52,slr0312_106,slr0312_5,slr0474_4,slr0474_55,slr0947_40,slr1037_37,slr1041_10,slr1041_29,slr1042_15,slr1042_29,slr1213_44,slr1213_7,slr1214_17,slr1214_38,slr1584_30,slr1584_43,slr1588_58,slr1594_37,slr1594_60,slr1693_89,slr1760_124,slr1760_15,slr1837_34,slr1837_4,slr1909_59,slr1909_95,slr1982_23,slr1982_61,slr2024_44,slr2024_7,slr2100_10,slr2100_55,slr6040_335,slr6040_435,slr6110_112,slr6110_142"
5,GO:0032259,methylation,62,52,34.42,1.7e-06,1.2e-05,6.0e-05,"gerCb_24,hemK_19,rapQ_14,sll0098_18,sll0487_49,sll0487_7,sll0564_37,sll0564_58,sll0818_137,sll0818_22,sll1144_102,sll1144_75,sll1300_25,sll1300_7,sll1407_138,sll1407_66,sll1526_23,sll1526_66,sll1530_118,sll1530_47,sll1693_34,sll1693_57,sll8009_34,sll8009_49,slr0120_37,slr0120_7,slr0303_4,slr0303_43,slr0383_23,slr0383_54,slr0407_13,slr0407_62,slr0955_55,slr0992_14,slr0992_25,slr1039_37,slr1039_64,slr1071_30,slr1071_54,slr1115_49,slr1183_212,slr1183_235,slr1436_28,slr1436_71,slr1610_17,slr1610_36,slr1618_144,slr1618_92,slr6095_141,slr6095_8,spoU_28,spoU_6"
5,GO:0006281,DNA repair,78,59,43.3,0.00015,0.00042,0.00015,"mfd_9,mfd_94,mutL_118,mutL_26,mutS_22,mutS_43,mutS2_138,mutS2_95,nth_25,nth_77,phr_29,phr_80,phr2_24,phr2_68,priA_12,priA_44,radC_11,radC_30,recF_28,recF_5,recG_110,recG_42,recN_10,recN_167,rhnB_69,rpoA_145,ruvA_105,ruvA_20,sll0896_20,sll1595_84,sll1595_96,sll5122_13,sll5122_43,sll5123_29,sll5123_3,sll7106_140,sll7106_50,slr0181_13,slr0197_102,slr0197_76,slr0207_42,slr0231_33,slr0231_55,slr0758_97,slr1048_32,slr1048_68,slr1056_179,slr1056_91,slr1942_8,slr1942_80,slr7097_33,slr7097_45,sms_10,sms_34,uvrA_20,uvrA_3,uvrB_19,uvrB_39,uvrC_39"
5,GO:0008616,queuosine biosynthetic process,14,14,7.77,0.00026,0.00026,0.00026,"exsB_26,exsB_60,queA_5,queA_58,sll1348_12,sll1348_43,sll2011_11,sll2011_37,slr0078_48,slr0078_98,slr0711_19,slr0711_4,tgt_41,tgt_84"
5,GO:0006950,response to stress,184,138,102.15,1.1e-08,0.00217,0.00045,"amt1_64,amt2_19,amt2_73,amt3_4,amt3_91,capA_31,capA_42,clpB_107,clpB_15,dfr_100,isiA_7,katG_12,katG_56,mfd_9,mfd_94,msrA_34,msrA_45,msrA2_16,msrA2_46,mutL_118,mutL_26,mutS_22,mutS_43,mutS2_138,mutS2_95,napA_24,napA_8,nifJ_23,nifJ_9,nth_25,nth_77,phr_29,phr_80,phr2_24,phr2_68,priA_12,priA_44,psbA1_10,psbA1_35,radC_11,radC_30,recF_28,recF_5,recG_110,recG_42,recN_10,recN_167,rhnB_69,rpoA_145,ruvA_105,ruvA_20,sll0540_49,sll0685_58,sll0896_20,sll0985_30,sll0985_43,sll1040_14,sll1040_3,sll1081_10,sll1081_34,sll1388_32,sll1388_46,sll1429_15,sll1429_215,sll1595_84,sll1595_96,sll1660_15,sll1660_31,sll1680_14,sll1680_31,sll1864_13,sll1864_59,sll5122_13,sll5122_43,sll5123_29,sll5123_3,sll7077_10,sll7077_21,sll7106_140,sll7106_50,slr0181_13,slr0197_102,slr0197_76,slr0207_42,slr0214_16,slr0214_4,slr0231_33,slr0231_55,slr0244_38,slr0244_75,slr0670_107,slr0670_76,slr0758_97,slr0765_104,slr0765_159,slr0795_148,slr0795_17,slr1048_32,slr1048_68,slr1056_179,slr1056_91,slr1101_14,slr1101_37,slr1171_40,slr1171_8,slr1230_54,slr1230_73,slr1894_24,slr1894_55,slr1942_8,slr1942_80,slr1966_26,slr1966_40,slr1992_17,slr1992_3,slr6102_48,slr6102_90,slr7016_102,slr7071_14,slr7071_25,slr7092_19,slr7092_40,slr7097_33,slr7097_45,sms_10,sms_34,sphX_23,sphX_35,ssr7072_111,ssr7072_89,ssr7093_19,ssr7093_30,trxM_43,uvrA_20,uvrA_3,uvrB_19,uvrB_39,uvrC_39"
5,GO:0007165,signal transduction,94,81,52.18,9.6e-11,1.00000,0.00067,"phy_26,phy_4,sll0038_22,sll0038_9,sll0039_28,sll0039_85,sll0396_43,sll0485_17,sll0485_4,sll0649_121,sll0649_152,sll0789_433,sll0789_454,sll0797_100,sll0797_143,sll0821_5,sll0821_56,sll0921_103,sll0921_47,sll1161_12,sll1161_30,sll1291_22,sll1291_9,sll1292_28,sll1292_67,sll1329_10,sll1329_146,sll1330_35,sll1330_6,sll1592_10,sll1592_56,sll1624_46,sll1673_47,sll1673_59,sll1708_103,sll1708_13,sll5059_37,sll5059_55,slr0073_15,slr0073_37,slr0081_52,slr0312_106,slr0312_5,slr0474_4,slr0474_55,slr0658_34,slr0658_4,slr0947_40,slr1037_37,slr1041_10,slr1041_29,slr1042_15,slr1042_29,slr1213_44,slr1213_7,slr1214_17,slr1214_38,slr1584_30,slr1584_43,slr1588_58,slr1594_37,slr1594_60,slr1693_89,slr1760_124,slr1760_15,slr1837_34,slr1837_4,slr1909_59,slr1909_95,slr1982_23,slr1982_61,slr2024_44,slr2024_7,slr2100_10,slr2100_55,slr6040_335,slr6040_435,slr6110_112,slr6110_142,suhB2_100,suhB2_28"
5,GO:0006865,amino acid transport,12,12,6.66,0.00084,0.55310,0.00084,"sll0146_124,sll0146_58,sll0606_15,sll0606_31,sll1870_136,sll1870_34,slr0700_29,slr0700_82,slr1627_53,slr1627_7,ssl3127_110,ssl3127_61"
5,GO:0006304,DNA modification,16,15,8.88,0.00109,0.00884,0.00109,"sll1429_15,sll1429_215,sll8006_13,sll8006_60,sll8009_34,sll8009_49,sll8049_29,slr0214_16,slr0214_4,slr6095_141,slr6095_8,slr6097_330,slr6097_96,slr6102_48,slr6102_90"
5,GO:0070838,divalent metal ion transport,16,15,8.88,0.00109,0.39564,0.00109,"pma1_13,pma1_29,sll0507_54,sll0671_3,sll0671_63,sll1263_16,sll1263_4,slr0681_33,slr0681_57,slr0797_12,slr0797_41,slr0798_15,slr0798_4,slr1336_112,slr1336_45"
5,GO:0046488,phosphatidylinositol metabolic process,10,10,5.55,0.00274,0.02889,0.00274,"sll1020_152,sll1020_54,sll1329_10,sll1329_146,slr1403_68,slr1403_7,slr5056_14,slr5056_51,suhB2_100,suhB2_28"
5,GO:0071214,cellular response to abiotic stimulus,10,10,5.55,0.00274,0.02889,0.00274,"phy_26,phy_4,sll0821_5,sll0821_56,sll0985_30,sll0985_43,sll1040_14,sll1040_3,slr0765_104,slr0765_159"
5,GO:0098542,defense response to other organism,14,13,7.77,0.00316,0.80022,0.00316,"slr0795_148,slr0795_17,slr1966_26,slr1966_40,slr7016_102,slr7071_14,slr7071_25,slr7092_19,slr7092_40,ssr7072_111,ssr7072_89,ssr7093_19,ssr7093_30"
5,GO:0034220,ion transmembrane transport,100,69,55.51,0.00342,0.74365,0.00342,"amt1_64,amt2_19,amt2_73,amt3_4,amt3_91,apqZ_172,apqZ_88,kdpA_58,kdpB_106,kdpB_58,kdpC_58,kdpC_69,mscL_165,mscL_85,napA_24,napA_8,p_56,pma1_13,pma1_29,Sac1_16,Sac1_39,sll0507_54,sll0540_49,sll0590_107,sll0590_62,sll0671_3,sll0671_63,sll0672_137,sll0672_56,sll0689_24,sll0834_109,sll0834_76,sll0985_30,sll0985_43,sll1040_14,sll1040_3,sll1263_16,sll1263_4,sll1920_76,slr0096_130,slr0096_35,slr0324_15,slr0324_62,slr0639_217,slr0639_358,slr0681_33,slr0681_57,slr0700_29,slr0700_82,slr0765_104,slr0765_159,slr0797_12,slr0797_41,slr0798_15,slr0798_4,slr0822_25,slr0822_8,slr1229_61,slr1336_112,slr1336_45,slr1595_62,slr1595_96,slr1647_10,slr1647_31,slr1776_26,slr1776_48,slr1950_31,sphX_23,sphX_35"
5,GO:0007154,cell communication,134,111,74.39,6.2e-12,1.6e-10,0.00541,"amt1_64,amt2_19,amt2_73,amt3_4,amt3_91,isiA_7,phy_26,phy_4,recF_28,recF_5,ruvA_105,ruvA_20,sll0038_22,sll0038_9,sll0039_28,sll0039_85,sll0396_43,sll0485_17,sll0485_4,sll0540_49,sll0649_121,sll0649_152,sll0789_433,sll0789_454,sll0797_100,sll0797_143,sll0821_5,sll0821_56,sll0921_103,sll0921_47,sll1081_10,sll1081_34,sll1161_12,sll1161_30,sll1291_22,sll1291_9,sll1292_28,sll1292_67,sll1329_10,sll1329_146,sll1330_35,sll1330_6,sll1592_10,sll1592_56,sll1624_46,sll1673_47,sll1673_59,sll1708_103,sll1708_13,sll5059_37,sll5059_55,sll5123_29,sll5123_3,slr0073_15,slr0073_37,slr0081_52,slr0312_106,slr0312_5,slr0408_23,slr0408_37,slr0474_4,slr0474_55,slr0658_34,slr0658_4,slr0947_40,slr1028_23,slr1028_49,slr1037_37,slr1041_10,slr1041_29,slr1042_15,slr1042_29,slr1213_44,slr1213_7,slr1214_17,slr1214_38,slr1403_68,slr1403_7,slr1584_30,slr1584_43,slr1588_58,slr1594_37,slr1594_60,slr1693_89,slr1760_124,slr1760_15,slr1837_34,slr1837_4,slr1909_59,slr1909_95,slr1982_23,slr1982_61,slr2024_44,slr2024_7,slr2100_10,slr2100_55,slr5005_25,slr5005_9,slr6040_335,slr6040_435,slr6110_112,slr6110_142,sphX_23,sphX_35,suhB2_100,suhB2_28,uvrA_20,uvrA_3,uvrB_19,uvrB_39,uvrC_39"
5,GO:0006474,N-terminal protein amino acid acetylatio...,20,17,11.1,0.00545,0.00545,0.00545,"sll0286_49,sll0286_79,sll1552_55,sll1552_9,sll6060_46,sll6060_76,sll7030_217,sll7030_86,slr0517_23,slr1501_22,slr1501_34,slr1906_10,slr1906_21,slr8036_31,slr8036_57,slr8037_42,slr8037_59"
5,GO:0006935,chemotaxis,16,14,8.88,0.00724,0.00724,0.00724,"sll0040_46,sll0040_75,sll0041_16,sll0043_10,sll0043_54,sll0044_16,sll0044_28,sll1293_36,sll1293_54,sll1296_17,sll1296_31,slr0322_12,slr0322_67,slr1043_123"
5,GO:0006810,transport,320,214,177.65,6.0e-06,0.41519,0.00730,"amt1_64,amt2_19,amt2_73,amt3_4,amt3_91,apqZ_172,apqZ_88,bfr2_12,bfr2_25,cmpA_40,cmpA_89,kdpA_58,kdpB_106,kdpB_58,kdpC_58,kdpC_69,melB_16,melB_5,mntA_31,mntA_7,mscL_165,mscL_85,napA_24,napA_8,ndhE_103,ndhK2_4,ndhK2_41,nrtD_140,nrtD_171,p_56,pma1_13,pma1_29,Sac1_16,Sac1_39,sll0141_14,sll0141_67,sll0146_124,sll0146_58,sll0180_16,sll0209_69,sll0238_74,sll0238_85,sll0261_56,sll0261_6,sll0273_11,sll0295_123,sll0295_30,sll0312_23,sll0312_9,sll0355_25,sll0355_65,sll0385_104,sll0385_135,sll0415_106,sll0415_120,sll0478_30,sll0478_97,sll0479_23,sll0479_36,sll0507_54,sll0536_10,sll0536_64,sll0540_49,sll0590_107,sll0590_62,sll0594_17,sll0594_40,sll0606_15,sll0606_31,sll0671_3,sll0671_63,sll0672_137,sll0672_56,sll0689_24,sll0778_107,sll0778_24,sll0833_100,sll0833_32,sll0834_109,sll0834_76,sll0985_30,sll0985_43,sll0993_50,sll1040_14,sll1040_3,sll1053_76,sll1053_9,sll1080_33,sll1080_76,sll1131_38,sll1164_153,sll1164_51,sll1204_162,sll1204_337,sll1262_80,sll1263_16,sll1263_4,sll1276_13,sll1319_145,sll1319_158,sll1405_34,sll1405_4,sll1428_111,sll1428_79,sll1699_75,sll1699_97,sll1725_16,sll1768_18,sll1870_136,sll1870_34,sll1920_76,sll1927_41,sll1927_60,sll5049_22,sll5049_7,slr0096_130,slr0096_35,slr0109_59,slr0109_77,slr0324_15,slr0324_62,slr0347_25,slr0347_4,slr0401_9,slr0510_24,slr0510_52,slr0513_43,slr0530_10,slr0530_48,slr0531_72,slr0531_94,slr0615_4,slr0615_42,slr0616_122,slr0616_144,slr0639_217,slr0639_358,slr0642_49,slr0642_62,slr0678_11,slr0678_22,slr0681_33,slr0681_57,slr0700_29,slr0700_82,slr0765_104,slr0765_159,slr0773_103,slr0773_37,slr0793_28,slr0793_60,slr0797_12,slr0797_41,slr0798_15,slr0798_4,slr0822_25,slr0822_8,slr0896_40,slr0896_66,slr0944_19,slr0977_65,slr0977_94,slr1045_146,slr1045_20,slr1149_21,slr1201_16,slr1201_30,slr1229_61,slr1336_112,slr1336_45,slr1344_26,slr1344_5,slr1442_11,slr1456_16,slr1484_20,slr1484_34,slr1543_27,slr1543_61,slr1575_73,slr1595_62,slr1595_96,slr1627_53,slr1627_7,slr1647_10,slr1647_31,slr1664_107,slr1664_85,slr1727_34,slr1727_88,slr1740_15,slr1740_66,slr1776_26,slr1776_48,slr1864_128,slr1864_139,slr1935_139,slr1935_166,slr1950_31,slr1962_37,slr1962_8,slr1963_10,slr1963_35,slr2019_29,sphX_23,sphX_35,ssl1690_4,ssl1690_41,ssl3127_110,ssl3127_61,ssr2857_40,sufA_34,sufA_5,tig_10,tig_24"
5,GO:0007155,cell adhesion,8,8,4.44,0.00894,0.02901,0.00894,"slr1028_23,slr1028_49,slr1403_68,slr1403_7,slr2046_118,slr2046_25,slr5005_25,slr5005_9"
5,GO:0009065,glutamine family amino acid catabolic pr...,8,8,4.44,0.00894,0.00894,0.00894,"arcC_27,arcC_9,slr2079_24,slr2079_51,speA_12,speA_64,speA2_136,speA2_74"
5,GO:0015074,DNA integration,12,11,6.66,0.00896,0.00896,0.00896,"sll6059_263,sll6059_81,sll6109_410,slr1523_103,slr1523_117,slr5010_367,slr5010_400,slr7005_14,slr7005_56,xerC_38,xerC_5"
5,GO:0043158,heterocyst differentiation,12,11,6.66,0.00896,0.00896,0.00896,"sll0038_22,sll0038_9,sll1291_22,sll1291_9,slr1041_10,slr1041_29,slr1214_17,slr1214_38,slr1594_37,slr1594_60,slr1693_89"
5,GO:0072348,sulfur compound transport,12,11,6.66,0.00896,0.02470,0.00896,"sll0594_17,sll0594_40,sll0834_109,sll0834_76,sll1870_136,sll1870_34,slr0096_130,slr0096_35,slr1229_61,slr1776_26,slr1776_48"
5,GO:0006820,anion transport,40,34,22.21,6.8e-05,1.00000,0.00902,"p_56,Sac1_16,Sac1_39,sll0146_124,sll0146_58,sll0540_49,sll0594_17,sll0594_40,sll0606_15,sll0606_31,sll0834_109,sll0834_76,sll1870_136,sll1870_34,slr0096_130,slr0096_35,slr0642_49,slr0642_62,slr0700_29,slr0700_82,slr0944_19,slr1045_146,slr1045_20,slr1229_61,slr1344_26,slr1344_5,slr1627_53,slr1627_7,slr1776_26,slr1776_48,sphX_23,sphX_35,ssl3127_110,ssl3127_61"
5,GO:0001510,RNA methylation,22,18,12.21,0.00921,0.55291,0.00921,"sll0098_18,sll0818_137,sll0818_22,sll1144_102,sll1144_75,sll1300_25,sll1300_7,sll1530_118,sll1530_47,slr0120_37,slr0120_7,slr0383_23,slr0383_54,slr0955_55,slr0992_14,slr0992_25,spoU_28,spoU_6"
5,GO:0009605,response to external stimulus,74,59,41.08,8.7e-06,0.38731,0.01189,"amt1_64,amt2_19,amt2_73,amt3_4,amt3_91,isiA_7,phy_26,phy_4,recF_28,recF_5,ruvA_105,ruvA_20,sll0040_46,sll0040_75,sll0041_16,sll0043_10,sll0043_54,sll0044_16,sll0044_28,sll0540_49,sll0821_5,sll0821_56,sll1081_10,sll1081_34,sll1293_36,sll1293_54,sll1296_17,sll1296_31,sll1660_15,sll1660_31,sll5123_29,sll5123_3,sll7077_10,sll7077_21,slr0322_12,slr0322_67,slr0795_148,slr0795_17,slr1043_123,slr1963_10,slr1963_35,slr1966_26,slr1966_40,slr7016_102,slr7071_14,slr7071_25,slr7092_19,slr7092_40,sphX_23,sphX_35,ssr7072_111,ssr7072_89,ssr7093_19,ssr7093_30,uvrA_20,uvrA_3,uvrB_19,uvrB_39,uvrC_39"
5,GO:0006310,DNA recombination,80,70,44.41,4.4e-10,0.01530,0.01245,"mutS_22,mutS_43,priA_12,priA_44,recG_110,recG_42,recN_10,recN_167,recQ_53,recQ_66,ruvA_105,ruvA_20,sll0161_176,sll0161_213,sll0315_48,sll0315_63,sll0317_290,sll0317_49,sll0896_20,sll0986_236,sll0986_263,sll1157_154,sll1157_17,sll1255_48,sll1255_63,sll1560_48,sll1560_63,sll1595_84,sll1595_96,sll1710_182,sll1710_260,sll1716_212,sll1716_451,sll1861_183,sll1861_8,sll1999_106,sll1999_169,sll5041_40,sll5041_7,sll6059_263,sll6059_81,sll6109_410,slr0166_176,slr0166_213,slr0181_13,slr0265_212,slr0265_41,slr0511_446,slr0511_495,slr0758_97,slr1903_106,slr1903_12,slr1942_8,slr1942_80,slr2036_48,slr2036_63,slr2096_266,slr2096_294,slr5010_367,slr5010_400,slr5040_305,slr5040_74,slr7005_14,slr7005_56,slr7008_48,slr7008_63,ssr2699_134,ssr2699_171,xerC_38,xerC_5"
5,GO:0006814,sodium ion transport,14,12,7.77,0.01839,0.01839,0.01839,"melB_16,melB_5,napA_24,napA_8,sll0273_11,sll0689_24,slr0681_33,slr0681_57,slr1595_62,slr1595_96,slr1727_34,slr1727_88"
5,GO:0048511,rhythmic process,14,12,7.77,0.01839,0.01839,0.01839,"sarA_4,sll0486_144,sll0486_201,sll1596_166,sll1596_174,slr0756_138,slr0756_33,slr0757_107,slr0757_53,slr0758_97,slr1942_8,slr1942_80"
5,GO:0002252,immune effector process,10,9,5.55,0.02483,1.00000,0.02483,"slr7016_102,slr7071_14,slr7071_25,slr7092_19,slr7092_40,ssr7072_111,ssr7072_89,ssr7093_19,ssr7093_30"
5,GO:0002376,immune system process,10,9,5.55,0.02483,1.00000,0.02483,"slr7016_102,slr7071_14,slr7071_25,slr7092_19,slr7092_40,ssr7072_111,ssr7072_89,ssr7093_19,ssr7093_30"
5,GO:0006084,acetyl-CoA metabolic process,10,9,5.55,0.02483,0.02483,0.02483,"ackA_22,ackA_8,acs_23,acs_48,pta_114,pta_25,slr1888_3,slr1888_51,slr1934_21"
5,GO:0008272,sulfate transport,10,9,5.55,0.02483,0.80088,0.02483,"sll0594_17,sll0594_40,sll0834_109,sll0834_76,slr0096_130,slr0096_35,slr1229_61,slr1776_26,slr1776_48"
5,GO:0009615,response to virus,10,9,5.55,0.02483,1.00000,0.02483,"slr7016_102,slr7071_14,slr7071_25,slr7092_19,slr7092_40,ssr7072_111,ssr7072_89,ssr7093_19,ssr7093_30"
5,GO:0042157,lipoprotein metabolic process,10,9,5.55,0.02483,0.26233,0.02483,"int_18,int_31,lgt_97,sll1020_152,sll1020_54,sll1284_29,sll1284_48,slr5056_14,slr5056_51"
5,GO:0043570,maintenance of DNA repeat elements,10,9,5.55,0.02483,1.00000,0.02483,"slr7016_102,slr7071_14,slr7071_25,slr7092_19,slr7092_40,ssr7072_111,ssr7072_89,ssr7093_19,ssr7093_30"
5,GO:0043571,maintenance of CRISPR repeat elements,10,9,5.55,0.02483,0.02483,0.02483,"slr7016_102,slr7071_14,slr7071_25,slr7092_19,slr7092_40,ssr7072_111,ssr7072_89,ssr7093_19,ssr7093_30"
5,GO:0051607,defense response to virus,10,9,5.55,0.02483,1.00000,0.02483,"slr7016_102,slr7071_14,slr7071_25,slr7092_19,slr7092_40,ssr7072_111,ssr7072_89,ssr7093_19,ssr7093_30"
5,GO:0006351,"transcription, DNA-templated",188,144,104.37,3.6e-10,3.6e-10,0.02626,"cmpR_10,cmpR_64,dfr_100,fmu/fmv_50,fmu/fmv_73,glnB_29,glnB_56,hrcA_29,hrcA_9,merR3_16,merR3_96,mfd_9,mfd_94,ntcB_124,nusB_24,nusB_3,phr_29,phr_80,phy_26,phy_4,rpoA_145,rpoD4_24,rpoD4_9,sll0185_14,sll0185_53,sll0396_43,sll0594_17,sll0594_40,sll0649_121,sll0649_152,sll0687_58,sll0687_83,sll0782_159,sll0789_433,sll0789_454,sll0797_100,sll0797_143,sll0821_5,sll0821_56,sll0921_103,sll0921_47,sll0998_97,sll1003_63,sll1169_103,sll1169_44,sll1286_20,sll1286_64,sll1330_35,sll1330_6,sll1371_12,sll1371_94,sll1392_34,sll1392_9,sll1512_14,sll1512_25,sll1544_34,sll1544_82,sll1592_10,sll1592_56,sll1708_103,sll1708_13,sll1924_248,sll1924_6,sll1961_21,sll1961_37,sll5035_23,sll5035_34,sll5086_12,sll5086_23,sll5123_29,sll5123_3,sll7006_13,sll7006_24,sll7031_25,sll7031_4,sll8020_22,sll8020_5,slr0081_52,slr0106_51,slr0106_88,slr0222_17,slr0222_3,slr0240_24,slr0249_109,slr0311_273,slr0311_289,slr0312_106,slr0312_5,slr0449_41,slr0758_97,slr0780_23,slr0780_9,slr0829_187,slr0829_202,slr0895_25,slr0895_39,slr0947_40,slr0989_52,slr0989_67,slr1213_44,slr1213_7,slr1245_61,slr1245_90,slr1385_16,slr1385_37,slr1529_28,slr1529_4,slr1584_30,slr1584_43,slr1837_34,slr1837_4,slr1856_64,slr1859_166,slr1859_49,slr1871_115,slr1871_31,slr1909_59,slr1909_95,slr1912_14,slr1912_45,slr1942_8,slr1942_80,slr6040_335,slr6040_435,slr8026_12,slr8026_62,smtB_10,smtB_31,ssl0511_112,ssl0511_54,ssl0564_21,ssl0564_7,ssl1326_52,ssl1326_64,ssl2982_29,ssl2982_4,ssl5065_111,ssl5065_54,ssl6092_160,ssl6092_181,ssl7004_46,ssl7004_82,ssl7053_19,ssl7053_31"
5,GO:0055080,cation homeostasis,28,21,15.54,0.02677,0.59862,0.02677,"bfr2_12,bfr2_25,feoB_34,isiA_7,napA_24,napA_8,sll0689_24,sll1263_16,sll1263_4,slr0513_43,slr0681_33,slr0681_57,slr1595_62,slr1595_96,slr1647_10,slr1647_31,slr1894_24,slr1894_55,ssr2857_40,sufA_34,sufA_5"
5,GO:0030001,metal ion transport,68,51,37.75,0.00061,0.60211,0.02687,"bfr2_12,bfr2_25,kdpA_58,kdpB_106,kdpB_58,kdpC_58,kdpC_69,melB_16,melB_5,napA_24,napA_8,pma1_13,pma1_29,Sac1_16,Sac1_39,sll0209_69,sll0261_56,sll0261_6,sll0273_11,sll0507_54,sll0536_10,sll0536_64,sll0671_3,sll0671_63,sll0689_24,sll0993_50,sll1263_16,sll1263_4,sll1920_76,slr0324_15,slr0324_62,slr0681_33,slr0681_57,slr0773_103,slr0773_37,slr0793_28,slr0793_60,slr0797_12,slr0797_41,slr0798_15,slr0798_4,slr1336_112,slr1336_45,slr1595_62,slr1595_96,slr1664_107,slr1664_85,slr1727_34,slr1727_88,slr1950_31,ssr2857_40"
5,GO:0006811,ion transport,158,115,87.71,2.9e-06,0.54324,0.02766,"amt1_64,amt2_19,amt2_73,amt3_4,amt3_91,apqZ_172,apqZ_88,bfr2_12,bfr2_25,cmpA_40,cmpA_89,kdpA_58,kdpB_106,kdpB_58,kdpC_58,kdpC_69,melB_16,melB_5,mscL_165,mscL_85,napA_24,napA_8,p_56,pma1_13,pma1_29,Sac1_16,Sac1_39,sll0146_124,sll0146_58,sll0209_69,sll0261_56,sll0261_6,sll0273_11,sll0507_54,sll0536_10,sll0536_64,sll0540_49,sll0590_107,sll0590_62,sll0594_17,sll0594_40,sll0606_15,sll0606_31,sll0671_3,sll0671_63,sll0672_137,sll0672_56,sll0689_24,sll0834_109,sll0834_76,sll0985_30,sll0985_43,sll0993_50,sll1040_14,sll1040_3,sll1263_16,sll1263_4,sll1870_136,sll1870_34,sll1920_76,slr0096_130,slr0096_35,slr0324_15,slr0324_62,slr0513_43,slr0639_217,slr0639_358,slr0642_49,slr0642_62,slr0681_33,slr0681_57,slr0700_29,slr0700_82,slr0765_104,slr0765_159,slr0773_103,slr0773_37,slr0793_28,slr0793_60,slr0797_12,slr0797_41,slr0798_15,slr0798_4,slr0822_25,slr0822_8,slr0896_40,slr0896_66,slr0944_19,slr1045_146,slr1045_20,slr1229_61,slr1336_112,slr1336_45,slr1344_26,slr1344_5,slr1595_62,slr1595_96,slr1627_53,slr1627_7,slr1647_10,slr1647_31,slr1664_107,slr1664_85,slr1727_34,slr1727_88,slr1776_26,slr1776_48,slr1950_31,sphX_23,sphX_35,ssl3127_110,ssl3127_61,ssr2857_40,sufA_34,sufA_5"
5,GO:0015711,organic anion transport,18,18,9.99,2.4e-05,0.00148,0.02843,"sll0146_124,sll0146_58,sll0606_15,sll0606_31,sll1870_136,sll1870_34,slr0642_49,slr0642_62,slr0700_29,slr0700_82,slr1045_146,slr1045_20,slr1344_26,slr1344_5,slr1627_53,slr1627_7,ssl3127_110,ssl3127_61"
5,GO:0006952,defense response,20,19,11.1,0.00013,0.55203,0.02844,"sll1429_15,sll1429_215,slr0214_16,slr0214_4,slr0795_148,slr0795_17,slr1966_26,slr1966_40,slr6102_48,slr6102_90,slr7016_102,slr7071_14,slr7071_25,slr7092_19,slr7092_40,ssr7072_111,ssr7072_89,ssr7093_19,ssr7093_30"
5,GO:0006505,GPI anchor metabolic process,6,6,3.33,0.02912,0.55422,0.02912,"sll1020_152,sll1020_54,slr1403_68,slr1403_7,slr5056_14,slr5056_51"
5,GO:0006527,arginine catabolic process,6,6,3.33,0.02912,1.00000,0.02912,"arcC_27,arcC_9,speA_12,speA_64,speA2_136,speA2_74"
5,GO:0006816,calcium ion transport,6,6,3.33,0.02912,1.00000,0.02912,"pma1_13,pma1_29,slr0681_33,slr0681_57,slr1336_112,slr1336_45"
5,GO:0006829,zinc ion transport,6,6,3.33,0.02912,1.00000,0.02912,"sll1263_16,sll1263_4,slr0797_12,slr0797_41,slr0798_15,slr0798_4"
5,GO:0006884,cell volume homeostasis,6,6,3.33,0.02912,1.00000,0.02912,"mscL_165,mscL_85,sll0590_107,sll0590_62,slr0639_217,slr0639_358"
