sgRNA_target,sgRNA_number,condition,carbon,light,treatment,wmean_fitness,sd_fitness,p_fitness_adj,comb_score,ncRNA_type,sequence,length,direction,locus,comment
ncl0200,3,"HC, HL",HC,HL,,-2.4179751784476498,1.7518660814371014,0.048156799462754744,3.1853011868275614,ncRNA,GACCACAATTAAGCTGATATCCCCAAGTTGTCCCCCGTTGGCCATAGCTGGGGAATTTTTTT,62,reverse,ncl0200,NA
ncl0200,3,"HC, IL",HC,IL,,-4.487906726316984,1.965869928443611,0.025081763233478858,7.18353171152323,ncRNA,GACCACAATTAAGCTGATATCCCCAAGTTGTCCCCCGTTGGCCATAGCTGGGGAATTTTTTT,62,reverse,ncl0200,NA
ncl0200,3,"HC, LL",HC,LL,,-3.296286718063563,1.9949238885148635,0.19767966928145497,2.320711089231089,ncRNA,GACCACAATTAAGCTGATATCCCCAAGTTGTCCCCCGTTGGCCATAGCTGGGGAATTTTTTT,62,reverse,ncl0200,NA
ncl0200,3,"HC, LL, -N",HC,LL,-N,-3.430488129340668,2.132312789059205,0.3401841929798956,1.6064491188910734,ncRNA,GACCACAATTAAGCTGATATCCCCAAGTTGTCCCCCGTTGGCCATAGCTGGGGAATTTTTTT,62,reverse,ncl0200,NA
ncl0200,3,"HC, LL, +FL",HC,LL,+FL,-4.365766489893972,2.4972175322311543,0.07059221484241707,5.026058948607142,ncRNA,GACCACAATTAAGCTGATATCCCCAAGTTGTCCCCCGTTGGCCATAGCTGGGGAATTTTTTT,62,reverse,ncl0200,NA
ncl0200,3,"HC, LL, +G",HC,LL,+G,-4.4478857149664,1.5467240385292245,0.02231982382669682,7.344834769199362,ncRNA,GACCACAATTAAGCTGATATCCCCAAGTTGTCCCCCGTTGGCCATAGCTGGGGAATTTTTTT,62,reverse,ncl0200,NA
ncl0200,3,"LC, IL",LC,IL,,-2.808899562922123,1.9894470519419802,0.2874484656796094,1.5208505938301773,ncRNA,GACCACAATTAAGCTGATATCCCCAAGTTGTCCCCCGTTGGCCATAGCTGGGGAATTTTTTT,62,reverse,ncl0200,NA
ncl0200,3,"LC, LL",LC,LL,,-3.48725384036873,2.002379650382526,0.04478427827105307,4.703867502514727,ncRNA,GACCACAATTAAGCTGATATCCCCAAGTTGTCCCCCGTTGGCCATAGCTGGGGAATTTTTTT,62,reverse,ncl0200,NA
ncl0200,3,"LC, LL, +D, +G",LC,LL,"+D, +G",-3.594560186602102,1.2018441273658433,0.025227305379901366,5.7445713637898015,ncRNA,GACCACAATTAAGCTGATATCCCCAAGTTGTCCCCCGTTGGCCATAGCTGGGGAATTTTTTT,62,reverse,ncl0200,NA
ncl0200,3,"LC, LL, +FL",LC,LL,+FL,-1.8192019671224982,1.446724485130248,0.48602638208405907,0.5700290283232827,ncRNA,GACCACAATTAAGCTGATATCCCCAAGTTGTCCCCCGTTGGCCATAGCTGGGGAATTTTTTT,62,reverse,ncl0200,NA
ncl0200,3,"LC, LL, +G",LC,LL,+G,-4.839802537895695,1.2182161889818475,0.02358809367691887,7.875845304266237,ncRNA,GACCACAATTAAGCTGATATCCCCAAGTTGTCCCCCGTTGGCCATAGCTGGGGAATTTTTTT,62,reverse,ncl0200,NA
ncl0320,5,"HC, HL",HC,HL,,-0.9151595286341796,0.29858871691827155,0.00574084884857631,2.0508943646044315,ncRNA,TGTTATGGATTGTCACCGTCGGATTTGCTTCCATTGGTGCATTGCCTTTAATACTAGTTTATTTGCCCTCTGCCATGGCTCACCCACTTTCCAGGGATTGGTGGAGGGGGAACACCGCGCC,121,reverse,ncl0320,NA
ncl0320,5,"HC, IL",HC,IL,,-0.3942473495599852,0.17746265954070495,0.03248922451970063,0.586742818546011,ncRNA,TGTTATGGATTGTCACCGTCGGATTTGCTTCCATTGGTGCATTGCCTTTAATACTAGTTTATTTGCCCTCTGCCATGGCTCACCCACTTTCCAGGGATTGGTGGAGGGGGAACACCGCGCC,121,reverse,ncl0320,NA
ncl0320,5,"HC, LL",HC,LL,,-0.007507892492926134,0.28434308382566575,0.9006968924714986,3.410185047915325e-4,ncRNA,TGTTATGGATTGTCACCGTCGGATTTGCTTCCATTGGTGCATTGCCTTTAATACTAGTTTATTTGCCCTCTGCCATGGCTCACCCACTTTCCAGGGATTGGTGGAGGGGGAACACCGCGCC,121,reverse,ncl0320,NA
ncl0320,5,"HC, LL, -N",HC,LL,-N,-0.22438752012946347,0.2736201648052636,0.35807899874202054,0.10008157966636008,ncRNA,TGTTATGGATTGTCACCGTCGGATTTGCTTCCATTGGTGCATTGCCTTTAATACTAGTTTATTTGCCCTCTGCCATGGCTCACCCACTTTCCAGGGATTGGTGGAGGGGGAACACCGCGCC,121,reverse,ncl0320,NA
ncl0320,5,"HC, LL, +FL",HC,LL,+FL,-0.19943146630976355,0.47266768807445003,0.48355037210116575,0.06293225012291152,ncRNA,TGTTATGGATTGTCACCGTCGGATTTGCTTCCATTGGTGCATTGCCTTTAATACTAGTTTATTTGCCCTCTGCCATGGCTCACCCACTTTCCAGGGATTGGTGGAGGGGGAACACCGCGCC,121,reverse,ncl0320,NA
ncl0320,5,"HC, LL, +G",HC,LL,+G,0.1367820978609436,0.2773195306627604,0.643517786681331,0.026185488872483252,ncRNA,TGTTATGGATTGTCACCGTCGGATTTGCTTCCATTGGTGCATTGCCTTTAATACTAGTTTATTTGCCCTCTGCCATGGCTCACCCACTTTCCAGGGATTGGTGGAGGGGGAACACCGCGCC,121,reverse,ncl0320,NA
ncl0320,5,"LC, IL",LC,IL,,-2.4054212637520718,1.2212944074093077,0.006953691914141075,5.190380850716756,ncRNA,TGTTATGGATTGTCACCGTCGGATTTGCTTCCATTGGTGCATTGCCTTTAATACTAGTTTATTTGCCCTCTGCCATGGCTCACCCACTTTCCAGGGATTGGTGGAGGGGGAACACCGCGCC,121,reverse,ncl0320,NA
ncl0320,5,"LC, LL",LC,LL,,-0.37833161867595566,0.25882802417595974,0.0790108639175096,0.41703993328342776,ncRNA,TGTTATGGATTGTCACCGTCGGATTTGCTTCCATTGGTGCATTGCCTTTAATACTAGTTTATTTGCCCTCTGCCATGGCTCACCCACTTTCCAGGGATTGGTGGAGGGGGAACACCGCGCC,121,reverse,ncl0320,NA
ncl0320,5,"LC, LL, +D, +G",LC,LL,"+D, +G",0.7596423327550228,0.3161634274918252,0.009526751464464817,1.5352790598511492,ncRNA,TGTTATGGATTGTCACCGTCGGATTTGCTTCCATTGGTGCATTGCCTTTAATACTAGTTTATTTGCCCTCTGCCATGGCTCACCCACTTTCCAGGGATTGGTGGAGGGGGAACACCGCGCC,121,reverse,ncl0320,NA
ncl0320,5,"LC, LL, +FL",LC,LL,+FL,-2.5458149827877588,1.5160099335764972,0.05853238972506437,3.137981080361773,ncRNA,TGTTATGGATTGTCACCGTCGGATTTGCTTCCATTGGTGCATTGCCTTTAATACTAGTTTATTTGCCCTCTGCCATGGCTCACCCACTTTCCAGGGATTGGTGGAGGGGGAACACCGCGCC,121,reverse,ncl0320,NA
ncl0320,5,"LC, LL, +G",LC,LL,+G,0.18183613366543394,0.22797811467435106,0.5468793136199839,0.04766079697464597,ncRNA,TGTTATGGATTGTCACCGTCGGATTTGCTTCCATTGGTGCATTGCCTTTAATACTAGTTTATTTGCCCTCTGCCATGGCTCACCCACTTTCCAGGGATTGGTGGAGGGGGAACACCGCGCC,121,reverse,ncl0320,NA
ncl0360,3,"HC, HL",HC,HL,,-5.83824975484752,3.657013079593284,0.048156799462754744,7.690973852366263,ncRNA,ATTGCTAACCAGGCGGCCCTGCGACAGCCCCAAGCTGTCCCCCGTTTTGCT,51,reverse,ncl0360,NA
ncl0360,3,"HC, IL",HC,IL,,-5.8110296730162245,3.4436737811397493,0.03185551299905622,8.6980386851133,ncRNA,ATTGCTAACCAGGCGGCCCTGCGACAGCCCCAAGCTGTCCCCCGTTTTGCT,51,reverse,ncl0360,NA
ncl0360,3,"HC, LL",HC,LL,,-5.202037555087872,3.272600951003981,0.06893043954010027,6.042629352845476,ncRNA,ATTGCTAACCAGGCGGCCCTGCGACAGCCCCAAGCTGTCCCCCGTTTTGCT,51,reverse,ncl0360,NA
ncl0360,3,"HC, LL, -N",HC,LL,-N,-5.342824029538025,3.196541684420044,0.045190687136694996,7.185836815488713,ncRNA,ATTGCTAACCAGGCGGCCCTGCGACAGCCCCAAGCTGTCCCCCGTTTTGCT,51,reverse,ncl0360,NA
ncl0360,3,"HC, LL, +FL",HC,LL,+FL,-5.551088483152619,3.489715140099519,0.04010338910224003,7.753865441972474,ncRNA,ATTGCTAACCAGGCGGCCCTGCGACAGCCCCAAGCTGTCCCCCGTTTTGCT,51,reverse,ncl0360,NA
ncl0360,3,"HC, LL, +G",HC,LL,+G,-5.753506383624928,3.652587248427461,0.0458504113708738,7.701970234148053,ncRNA,ATTGCTAACCAGGCGGCCCTGCGACAGCCCCAAGCTGTCCCCCGTTTTGCT,51,reverse,ncl0360,NA
ncl0360,3,"LC, IL",LC,IL,,-5.506503216375022,2.165768067288384,0.02730308650657231,8.611005055339149,ncRNA,ATTGCTAACCAGGCGGCCCTGCGACAGCCCCAAGCTGTCCCCCGTTTTGCT,51,reverse,ncl0360,NA
ncl0360,3,"LC, LL",LC,LL,,-4.032257724395781,3.014722464811063,0.5968639210324211,0.9037284413375811,ncRNA,ATTGCTAACCAGGCGGCCCTGCGACAGCCCCAAGCTGTCCCCCGTTTTGCT,51,reverse,ncl0360,NA
ncl0360,3,"LC, LL, +D, +G",LC,LL,"+D, +G",-5.912937615064951,3.6992099441589588,0.06723326885965498,6.932421324522614,ncRNA,ATTGCTAACCAGGCGGCCCTGCGACAGCCCCAAGCTGTCCCCCGTTTTGCT,51,reverse,ncl0360,NA
ncl0360,3,"LC, LL, +FL",LC,LL,+FL,-5.843041599956019,2.4318680508362496,0.02646244507467004,9.216638706099884,ncRNA,ATTGCTAACCAGGCGGCCCTGCGACAGCCCCAAGCTGTCCCCCGTTTTGCT,51,reverse,ncl0360,NA
ncl0360,3,"LC, LL, +G",LC,LL,+G,-5.767141123856273,3.436874385554837,0.04574047541705707,7.726235075069826,ncRNA,ATTGCTAACCAGGCGGCCCTGCGACAGCCCCAAGCTGTCCCCCGTTTTGCT,51,reverse,ncl0360,NA
ncl0530,5,"HC, HL",HC,HL,,-0.20139639387687502,0.5290896872023365,0.37244309964950956,0.0863869828044276,ncRNA,ATTGATCCCAGTCATTCCCCATCAATCGTCCGTTTCCAGTTGTCCCAAACGCCCCCATCGGACAGGCATTATCCGTCATT,80,reverse,ncl0530,NA
ncl0530,5,"HC, IL",HC,IL,,-0.4054580518088348,0.40109745431280786,0.20490103022909562,0.27913997093652565,ncRNA,ATTGATCCCAGTCATTCCCCATCAATCGTCCGTTTCCAGTTGTCCCAAACGCCCCCATCGGACAGGCATTATCCGTCATT,80,reverse,ncl0530,NA
ncl0530,5,"HC, LL",HC,LL,,-0.6053268384681602,0.44328193294573326,0.029525843701993265,0.9260275952837568,ncRNA,ATTGATCCCAGTCATTCCCCATCAATCGTCCGTTTCCAGTTGTCCCAAACGCCCCCATCGGACAGGCATTATCCGTCATT,80,reverse,ncl0530,NA
ncl0530,5,"HC, LL, -N",HC,LL,-N,-0.7383550335527501,0.6146111367358086,0.059489523641728034,0.9048980321259743,ncRNA,ATTGATCCCAGTCATTCCCCATCAATCGTCCGTTTCCAGTTGTCCCAAACGCCCCCATCGGACAGGCATTATCCGTCATT,80,reverse,ncl0530,NA
ncl0530,5,"HC, LL, +FL",HC,LL,+FL,-0.8908200361427301,0.5102731319601295,0.010791831727115796,1.7521582362666261,ncRNA,ATTGATCCCAGTCATTCCCCATCAATCGTCCGTTTCCAGTTGTCCCAAACGCCCCCATCGGACAGGCATTATCCGTCATT,80,reverse,ncl0530,NA
ncl0530,5,"HC, LL, +G",HC,LL,+G,-0.1509193352217371,0.5145960362267208,0.9634353793729841,0.0024414838906954197,ncRNA,ATTGATCCCAGTCATTCCCCATCAATCGTCCGTTTCCAGTTGTCCCAAACGCCCCCATCGGACAGGCATTATCCGTCATT,80,reverse,ncl0530,NA
ncl0530,5,"LC, IL",LC,IL,,-1.9390499419199,0.8310879762848948,0.0046234741971317795,4.527742814204703,ncRNA,ATTGATCCCAGTCATTCCCCATCAATCGTCCGTTTCCAGTTGTCCCAAACGCCCCCATCGGACAGGCATTATCCGTCATT,80,reverse,ncl0530,NA
ncl0530,5,"LC, LL",LC,LL,,-0.9126608686719866,0.33199927301397025,0.006621983451720678,1.9886989016057044,ncRNA,ATTGATCCCAGTCATTCCCCATCAATCGTCCGTTTCCAGTTGTCCCAAACGCCCCCATCGGACAGGCATTATCCGTCATT,80,reverse,ncl0530,NA
ncl0530,5,"LC, LL, +D, +G",LC,LL,"+D, +G",0.042637067527524115,0.2893634480560749,0.9081357232075259,0.0017843288806662842,ncRNA,ATTGATCCCAGTCATTCCCCATCAATCGTCCGTTTCCAGTTGTCCCAAACGCCCCCATCGGACAGGCATTATCCGTCATT,80,reverse,ncl0530,NA
ncl0530,5,"LC, LL, +FL",LC,LL,+FL,-0.6613474829489463,0.39664993361409356,0.012639327851689157,1.2554200683230117,ncRNA,ATTGATCCCAGTCATTCCCCATCAATCGTCCGTTTCCAGTTGTCCCAAACGCCCCCATCGGACAGGCATTATCCGTCATT,80,reverse,ncl0530,NA
ncl0530,5,"LC, LL, +G",LC,LL,+G,-0.17002339365002841,0.8979440488074182,0.6974213587832001,0.026609469793536275,ncRNA,ATTGATCCCAGTCATTCCCCATCAATCGTCCGTTTCCAGTTGTCCCAAACGCCCCCATCGGACAGGCATTATCCGTCATT,80,reverse,ncl0530,NA
ncl0590,5,"HC, HL",HC,HL,,-0.09498557228839112,0.4099186947417937,0.25807946741879095,0.05587493483542967,ncRNA,ATATTTGCTAATAATATGTAGATGCGTTTCGGCAAGGAACGCCAACATAAGTGCAGGTTTGGCCCCTGTGGCCTGGCTTGCTACCCATAAGAAAATGGCATCAGGAGAACAAATATTGTTCCACCGACAGGCCGCATTTGGGTTTTGGCCAACCGCTATACCCCGGCGGTGTAGTTTCCAAT,182,reverse,ncl0590,SyR53
ncl0590,5,"HC, IL",HC,IL,,-1.924063649983436,0.835619762158051,0.005965007367979008,4.279866048247246,ncRNA,ATATTTGCTAATAATATGTAGATGCGTTTCGGCAAGGAACGCCAACATAAGTGCAGGTTTGGCCCCTGTGGCCTGGCTTGCTACCCATAAGAAAATGGCATCAGGAGAACAAATATTGTTCCACCGACAGGCCGCATTTGGGTTTTGGCCAACCGCTATACCCCGGCGGTGTAGTTTCCAAT,182,reverse,ncl0590,SyR53
ncl0590,5,"HC, LL",HC,LL,,-1.5086761641901385,0.9043247329879184,0.03830565762675834,2.1373974595174268,ncRNA,ATATTTGCTAATAATATGTAGATGCGTTTCGGCAAGGAACGCCAACATAAGTGCAGGTTTGGCCCCTGTGGCCTGGCTTGCTACCCATAAGAAAATGGCATCAGGAGAACAAATATTGTTCCACCGACAGGCCGCATTTGGGTTTTGGCCAACCGCTATACCCCGGCGGTGTAGTTTCCAAT,182,reverse,ncl0590,SyR53
ncl0590,5,"HC, LL, -N",HC,LL,-N,-1.4048157808063066,0.9411228414540862,0.21142106219676654,0.9480423875044048,ncRNA,ATATTTGCTAATAATATGTAGATGCGTTTCGGCAAGGAACGCCAACATAAGTGCAGGTTTGGCCCCTGTGGCCTGGCTTGCTACCCATAAGAAAATGGCATCAGGAGAACAAATATTGTTCCACCGACAGGCCGCATTTGGGTTTTGGCCAACCGCTATACCCCGGCGGTGTAGTTTCCAAT,182,reverse,ncl0590,SyR53
ncl0590,5,"HC, LL, +FL",HC,LL,+FL,-1.8755778259642213,0.6816275391076981,0.004957366900205337,4.322736001196772,ncRNA,ATATTTGCTAATAATATGTAGATGCGTTTCGGCAAGGAACGCCAACATAAGTGCAGGTTTGGCCCCTGTGGCCTGGCTTGCTACCCATAAGAAAATGGCATCAGGAGAACAAATATTGTTCCACCGACAGGCCGCATTTGGGTTTTGGCCAACCGCTATACCCCGGCGGTGTAGTTTCCAAT,182,reverse,ncl0590,SyR53
ncl0590,5,"HC, LL, +G",HC,LL,+G,-0.20056742872532293,0.33345161882909535,0.9858263405154987,0.001243434223804517,ncRNA,ATATTTGCTAATAATATGTAGATGCGTTTCGGCAAGGAACGCCAACATAAGTGCAGGTTTGGCCCCTGTGGCCTGGCTTGCTACCCATAAGAAAATGGCATCAGGAGAACAAATATTGTTCCACCGACAGGCCGCATTTGGGTTTTGGCCAACCGCTATACCCCGGCGGTGTAGTTTCCAAT,182,reverse,ncl0590,SyR53
ncl0590,5,"LC, IL",LC,IL,,-1.5965956837288349,0.8478328127323755,0.01464961478012433,2.9284339645894946,ncRNA,ATATTTGCTAATAATATGTAGATGCGTTTCGGCAAGGAACGCCAACATAAGTGCAGGTTTGGCCCCTGTGGCCTGGCTTGCTACCCATAAGAAAATGGCATCAGGAGAACAAATATTGTTCCACCGACAGGCCGCATTTGGGTTTTGGCCAACCGCTATACCCCGGCGGTGTAGTTTCCAAT,182,reverse,ncl0590,SyR53
ncl0590,5,"LC, LL",LC,LL,,-0.7555041258649978,0.5602857831403428,0.47897785402889226,0.2415230086763952,ncRNA,ATATTTGCTAATAATATGTAGATGCGTTTCGGCAAGGAACGCCAACATAAGTGCAGGTTTGGCCCCTGTGGCCTGGCTTGCTACCCATAAGAAAATGGCATCAGGAGAACAAATATTGTTCCACCGACAGGCCGCATTTGGGTTTTGGCCAACCGCTATACCCCGGCGGTGTAGTTTCCAAT,182,reverse,ncl0590,SyR53
ncl0590,5,"LC, LL, +D, +G",LC,LL,"+D, +G",1.4341308602309646,0.8059976469644435,0.04366490508684598,1.9502279182012099,ncRNA,ATATTTGCTAATAATATGTAGATGCGTTTCGGCAAGGAACGCCAACATAAGTGCAGGTTTGGCCCCTGTGGCCTGGCTTGCTACCCATAAGAAAATGGCATCAGGAGAACAAATATTGTTCCACCGACAGGCCGCATTTGGGTTTTGGCCAACCGCTATACCCCGGCGGTGTAGTTTCCAAT,182,reverse,ncl0590,SyR53
ncl0590,5,"LC, LL, +FL",LC,LL,+FL,-1.8645629232404597,0.9411406929287727,0.03429005462501254,2.7312711060255253,ncRNA,ATATTTGCTAATAATATGTAGATGCGTTTCGGCAAGGAACGCCAACATAAGTGCAGGTTTGGCCCCTGTGGCCTGGCTTGCTACCCATAAGAAAATGGCATCAGGAGAACAAATATTGTTCCACCGACAGGCCGCATTTGGGTTTTGGCCAACCGCTATACCCCGGCGGTGTAGTTTCCAAT,182,reverse,ncl0590,SyR53
ncl0590,5,"LC, LL, +G",LC,LL,+G,-0.11878452099718735,0.29404001876753777,0.9540467602245467,0.0024268080215251644,ncRNA,ATATTTGCTAATAATATGTAGATGCGTTTCGGCAAGGAACGCCAACATAAGTGCAGGTTTGGCCCCTGTGGCCTGGCTTGCTACCCATAAGAAAATGGCATCAGGAGAACAAATATTGTTCCACCGACAGGCCGCATTTGGGTTTTGGCCAACCGCTATACCCCGGCGGTGTAGTTTCCAAT,182,reverse,ncl0590,SyR53
ncl0640,5,"HC, HL",HC,HL,,1.9474178215695686,0.6450022488965059,0.004020937266418331,4.665375715671347,ncRNA,ATCAACCGAGGCGCAGTCACGAACTGGACAATGCCGTTAACCAGCGGACTCCAGCGAGCAACCTGCCCAAACCATTCTCAGGCATTGCGTTCCTGATTACACTGCCCCCGTAACAGTTTG,120,reverse,ncl0640,NA
ncl0640,5,"HC, IL",HC,IL,,-4.064147133142588,2.3682578622006876,0.09212486261426253,4.20892484306479,ncRNA,ATCAACCGAGGCGCAGTCACGAACTGGACAATGCCGTTAACCAGCGGACTCCAGCGAGCAACCTGCCCAAACCATTCTCAGGCATTGCGTTCCTGATTACACTGCCCCCGTAACAGTTTG,120,reverse,ncl0640,NA
ncl0640,5,"HC, LL",HC,LL,,-4.693788765560472,2.326677501558648,0.013774394609168024,8.734800496773342,ncRNA,ATCAACCGAGGCGCAGTCACGAACTGGACAATGCCGTTAACCAGCGGACTCCAGCGAGCAACCTGCCCAAACCATTCTCAGGCATTGCGTTCCTGATTACACTGCCCCCGTAACAGTTTG,120,reverse,ncl0640,NA
ncl0640,5,"HC, LL, -N",HC,LL,-N,-4.1800655929343655,2.0738941134893323,0.022314280521921352,6.903031847489631,ncRNA,ATCAACCGAGGCGCAGTCACGAACTGGACAATGCCGTTAACCAGCGGACTCCAGCGAGCAACCTGCCCAAACCATTCTCAGGCATTGCGTTCCTGATTACACTGCCCCCGTAACAGTTTG,120,reverse,ncl0640,NA
ncl0640,5,"HC, LL, +FL",HC,LL,+FL,-3.501582363701539,1.9354008356431613,0.029764823191435696,5.3444535816144905,ncRNA,ATCAACCGAGGCGCAGTCACGAACTGGACAATGCCGTTAACCAGCGGACTCCAGCGAGCAACCTGCCCAAACCATTCTCAGGCATTGCGTTCCTGATTACACTGCCCCCGTAACAGTTTG,120,reverse,ncl0640,NA
ncl0640,5,"HC, LL, +G",HC,LL,+G,-1.055324561306193,0.9141800726744423,0.5064337234699703,0.31182453886936307,ncRNA,ATCAACCGAGGCGCAGTCACGAACTGGACAATGCCGTTAACCAGCGGACTCCAGCGAGCAACCTGCCCAAACCATTCTCAGGCATTGCGTTCCTGATTACACTGCCCCCGTAACAGTTTG,120,reverse,ncl0640,NA
ncl0640,5,"LC, IL",LC,IL,,-4.334467380757631,1.7609659390134542,0.0046234741971317795,10.121118137472264,ncRNA,ATCAACCGAGGCGCAGTCACGAACTGGACAATGCCGTTAACCAGCGGACTCCAGCGAGCAACCTGCCCAAACCATTCTCAGGCATTGCGTTCCTGATTACACTGCCCCCGTAACAGTTTG,120,reverse,ncl0640,NA
ncl0640,5,"LC, LL",LC,LL,,-3.422768158747287,1.881723134443833,0.06355300325988102,4.096587721242686,ncRNA,ATCAACCGAGGCGCAGTCACGAACTGGACAATGCCGTTAACCAGCGGACTCCAGCGAGCAACCTGCCCAAACCATTCTCAGGCATTGCGTTCCTGATTACACTGCCCCCGTAACAGTTTG,120,reverse,ncl0640,NA
ncl0640,5,"LC, LL, +D, +G",LC,LL,"+D, +G",1.8081625360881401,0.6284555486354012,0.00396203681817978,4.343353764260289,ncRNA,ATCAACCGAGGCGCAGTCACGAACTGGACAATGCCGTTAACCAGCGGACTCCAGCGAGCAACCTGCCCAAACCATTCTCAGGCATTGCGTTCCTGATTACACTGCCCCCGTAACAGTTTG,120,reverse,ncl0640,NA
ncl0640,5,"LC, LL, +FL",LC,LL,+FL,-4.137401404782853,1.8985200617061222,0.008644201929160007,8.536597282799086,ncRNA,ATCAACCGAGGCGCAGTCACGAACTGGACAATGCCGTTAACCAGCGGACTCCAGCGAGCAACCTGCCCAAACCATTCTCAGGCATTGCGTTCCTGATTACACTGCCCCCGTAACAGTTTG,120,reverse,ncl0640,NA
ncl0640,5,"LC, LL, +G",LC,LL,+G,-0.9602302548478735,0.8230618693148456,0.2501529448639341,0.577861170994072,ncRNA,ATCAACCGAGGCGCAGTCACGAACTGGACAATGCCGTTAACCAGCGGACTCCAGCGAGCAACCTGCCCAAACCATTCTCAGGCATTGCGTTCCTGATTACACTGCCCCCGTAACAGTTTG,120,reverse,ncl0640,NA
ncl1010,5,"HC, HL",HC,HL,,-2.8692365221031113,1.7312247263476108,0.1135470491988322,2.7109239510145158,ncRNA,AATGTCCCCAATGTCCCCATTGAATTCGACCGGTTATATTCGTTGCTGCAGGCTGTATCGTCTCCTCTGTCTGCATCAAAGGTTTACCGGGGGTTAGCTGTGCCACAAG,109,reverse,ncl1010,NA
ncl1010,5,"HC, IL",HC,IL,,-4.335214415807999,2.15060082328231,0.007574576024267105,9.19343634348542,ncRNA,AATGTCCCCAATGTCCCCATTGAATTCGACCGGTTATATTCGTTGCTGCAGGCTGTATCGTCTCCTCTGTCTGCATCAAAGGTTTACCGGGGGTTAGCTGTGCCACAAG,109,reverse,ncl1010,NA
ncl1010,5,"HC, LL",HC,LL,,-3.1072581097075735,2.0321809112908737,0.18370586753911808,2.286559689519383,ncRNA,AATGTCCCCAATGTCCCCATTGAATTCGACCGGTTATATTCGTTGCTGCAGGCTGTATCGTCTCCTCTGTCTGCATCAAAGGTTTACCGGGGGTTAGCTGTGCCACAAG,109,reverse,ncl1010,NA
ncl1010,5,"HC, LL, -N",HC,LL,-N,-3.239877432217883,1.9792228067048887,0.07442357814054042,3.6555195383130332,ncRNA,AATGTCCCCAATGTCCCCATTGAATTCGACCGGTTATATTCGTTGCTGCAGGCTGTATCGTCTCCTCTGTCTGCATCAAAGGTTTACCGGGGGTTAGCTGTGCCACAAG,109,reverse,ncl1010,NA
ncl1010,5,"HC, LL, +FL",HC,LL,+FL,-2.4128963905068246,1.6850902302059065,0.16968637623149352,1.8587820331710625,ncRNA,AATGTCCCCAATGTCCCCATTGAATTCGACCGGTTATATTCGTTGCTGCAGGCTGTATCGTCTCCTCTGTCTGCATCAAAGGTTTACCGGGGGTTAGCTGTGCCACAAG,109,reverse,ncl1010,NA
ncl1010,5,"HC, LL, +G",HC,LL,+G,-3.5207851916742317,2.10860015932029,0.10717562987586875,3.4148234836669737,ncRNA,AATGTCCCCAATGTCCCCATTGAATTCGACCGGTTATATTCGTTGCTGCAGGCTGTATCGTCTCCTCTGTCTGCATCAAAGGTTTACCGGGGGTTAGCTGTGCCACAAG,109,reverse,ncl1010,NA
ncl1010,5,"LC, IL",LC,IL,,-1.8403024490269941,1.3737407231623624,0.3087399803594623,0.9393034873018796,ncRNA,AATGTCCCCAATGTCCCCATTGAATTCGACCGGTTATATTCGTTGCTGCAGGCTGTATCGTCTCCTCTGTCTGCATCAAAGGTTTACCGGGGGTTAGCTGTGCCACAAG,109,reverse,ncl1010,NA
ncl1010,5,"LC, LL",LC,LL,,-2.5825067140691917,1.7937334312969055,0.23418406286242643,1.628122411812497,ncRNA,AATGTCCCCAATGTCCCCATTGAATTCGACCGGTTATATTCGTTGCTGCAGGCTGTATCGTCTCCTCTGTCTGCATCAAAGGTTTACCGGGGGTTAGCTGTGCCACAAG,109,reverse,ncl1010,NA
ncl1010,5,"LC, LL, +D, +G",LC,LL,"+D, +G",-3.4102115923607728,1.50933045487604,0.00396203681817978,8.191606153199398,ncRNA,AATGTCCCCAATGTCCCCATTGAATTCGACCGGTTATATTCGTTGCTGCAGGCTGTATCGTCTCCTCTGTCTGCATCAAAGGTTTACCGGGGGTTAGCTGTGCCACAAG,109,reverse,ncl1010,NA
ncl1010,5,"LC, LL, +FL",LC,LL,+FL,-1.2955783675005725,0.8548207425758552,0.13802678969050378,1.1142448310333684,ncRNA,AATGTCCCCAATGTCCCCATTGAATTCGACCGGTTATATTCGTTGCTGCAGGCTGTATCGTCTCCTCTGTCTGCATCAAAGGTTTACCGGGGGTTAGCTGTGCCACAAG,109,reverse,ncl1010,NA
ncl1010,5,"LC, LL, +G",LC,LL,+G,-4.363762539907845,2.861207981417877,0.11152677724262411,4.157011168190152,ncRNA,AATGTCCCCAATGTCCCCATTGAATTCGACCGGTTATATTCGTTGCTGCAGGCTGTATCGTCTCCTCTGTCTGCATCAAAGGTTTACCGGGGGTTAGCTGTGCCACAAG,109,reverse,ncl1010,NA
ncl1020,3,"HC, HL",HC,HL,,-0.20489288787797338,0.13534231251326592,0.26921836260069854,0.11676749820528474,ncRNA,TTCAGAGGGTCAGGCTATATCTCTGGCTAGAACCGAAGAGCGTTATCTGGGGTTGACCAGGATGACTAGATCTCAGGATTAGTTTTCCTTCGGCCCTTGACAGGGGGT,108,reverse,ncl1020,NA
ncl1020,3,"HC, IL",HC,IL,,-1.3907854210150001,0.6316147433727554,0.03320483408660491,2.0566916523306418,ncRNA,TTCAGAGGGTCAGGCTATATCTCTGGCTAGAACCGAAGAGCGTTATCTGGGGTTGACCAGGATGACTAGATCTCAGGATTAGTTTTCCTTCGGCCCTTGACAGGGGGT,108,reverse,ncl1020,NA
ncl1020,3,"HC, LL",HC,LL,,-2.281066633363782,0.5411397481179371,0.028626147032944547,3.5202266616032145,ncRNA,TTCAGAGGGTCAGGCTATATCTCTGGCTAGAACCGAAGAGCGTTATCTGGGGTTGACCAGGATGACTAGATCTCAGGATTAGTTTTCCTTCGGCCCTTGACAGGGGGT,108,reverse,ncl1020,NA
ncl1020,3,"HC, LL, -N",HC,LL,-N,-1.9674403444159532,0.6565190592997522,0.0274033934471062,3.0735267551934324,ncRNA,TTCAGAGGGTCAGGCTATATCTCTGGCTAGAACCGAAGAGCGTTATCTGGGGTTGACCAGGATGACTAGATCTCAGGATTAGTTTTCCTTCGGCCCTTGACAGGGGGT,108,reverse,ncl1020,NA
ncl1020,3,"HC, LL, +FL",HC,LL,+FL,-1.1392298138873944,0.6861333559630448,0.05064700489016412,1.4758109702372244,ncRNA,TTCAGAGGGTCAGGCTATATCTCTGGCTAGAACCGAAGAGCGTTATCTGGGGTTGACCAGGATGACTAGATCTCAGGATTAGTTTTCCTTCGGCCCTTGACAGGGGGT,108,reverse,ncl1020,NA
ncl1020,3,"HC, LL, +G",HC,LL,+G,-2.4270362346685177,0.6258197575463463,0.02417095091021163,3.9238046827234685,ncRNA,TTCAGAGGGTCAGGCTATATCTCTGGCTAGAACCGAAGAGCGTTATCTGGGGTTGACCAGGATGACTAGATCTCAGGATTAGTTTTCCTTCGGCCCTTGACAGGGGGT,108,reverse,ncl1020,NA
ncl1020,3,"LC, IL",LC,IL,,-3.067509702608235,0.2152715973713076,0.02730308650657231,4.796935644732118,ncRNA,TTCAGAGGGTCAGGCTATATCTCTGGCTAGAACCGAAGAGCGTTATCTGGGGTTGACCAGGATGACTAGATCTCAGGATTAGTTTTCCTTCGGCCCTTGACAGGGGGT,108,reverse,ncl1020,NA
ncl1020,3,"LC, LL",LC,LL,,-1.4443616259608283,0.28252354412331626,0.026158828817594484,2.2855314110733436,ncRNA,TTCAGAGGGTCAGGCTATATCTCTGGCTAGAACCGAAGAGCGTTATCTGGGGTTGACCAGGATGACTAGATCTCAGGATTAGTTTTCCTTCGGCCCTTGACAGGGGGT,108,reverse,ncl1020,NA
ncl1020,3,"LC, LL, +D, +G",LC,LL,"+D, +G",-3.316778356779768,1.1767820323833658,0.024186444051600916,5.361333332558278,ncRNA,TTCAGAGGGTCAGGCTATATCTCTGGCTAGAACCGAAGAGCGTTATCTGGGGTTGACCAGGATGACTAGATCTCAGGATTAGTTTTCCTTCGGCCCTTGACAGGGGGT,108,reverse,ncl1020,NA
ncl1020,3,"LC, LL, +FL",LC,LL,+FL,-2.384885036333515,0.42983214629222655,0.029037859807530042,3.665652715816285,ncRNA,TTCAGAGGGTCAGGCTATATCTCTGGCTAGAACCGAAGAGCGTTATCTGGGGTTGACCAGGATGACTAGATCTCAGGATTAGTTTTCCTTCGGCCCTTGACAGGGGGT,108,reverse,ncl1020,NA
ncl1020,3,"LC, LL, +G",LC,LL,+G,-2.219653312008287,0.37957478803020833,0.025748499844336466,3.5275797392769728,ncRNA,TTCAGAGGGTCAGGCTATATCTCTGGCTAGAACCGAAGAGCGTTATCTGGGGTTGACCAGGATGACTAGATCTCAGGATTAGTTTTCCTTCGGCCCTTGACAGGGGGT,108,reverse,ncl1020,NA
ncl1040,3,"HC, HL",HC,HL,,-0.5932538440779294,0.7235584922306544,0.48655234833128,0.18561158351131804,ncRNA,AGTTTGGTAGAGTGGATCTCGTTAAAATATGCCTATTTTGTCCATAATCCCTAGGGTTGCATCCGTGTAAGTC,73,reverse,ncl1040,NA
ncl1040,3,"HC, IL",HC,IL,,-3.266540835741139,0.47743448536284216,0.024196034235602345,5.279565603289668,ncRNA,AGTTTGGTAGAGTGGATCTCGTTAAAATATGCCTATTTTGTCCATAATCCCTAGGGTTGCATCCGTGTAAGTC,73,reverse,ncl1040,NA
ncl1040,3,"HC, LL",HC,LL,,-3.107490443018108,0.37913171707504023,0.026508426734226376,4.899319297511058,ncRNA,AGTTTGGTAGAGTGGATCTCGTTAAAATATGCCTATTTTGTCCATAATCCCTAGGGTTGCATCCGTGTAAGTC,73,reverse,ncl1040,NA
ncl1040,3,"HC, LL, -N",HC,LL,-N,-3.408610318279793,0.258224812687085,0.025575187905360064,5.427125153612344,ncRNA,AGTTTGGTAGAGTGGATCTCGTTAAAATATGCCTATTTTGTCCATAATCCCTAGGGTTGCATCCGTGTAAGTC,73,reverse,ncl1040,NA
ncl1040,3,"HC, LL, +FL",HC,LL,+FL,-3.3658970607007976,0.43564215676504003,0.0257152963936743,5.3511316416082275,ncRNA,AGTTTGGTAGAGTGGATCTCGTTAAAATATGCCTATTTTGTCCATAATCCCTAGGGTTGCATCCGTGTAAGTC,73,reverse,ncl1040,NA
ncl1040,3,"HC, LL, +G",HC,LL,+G,-0.4603205045214909,0.22240261674035375,0.10308055404924334,0.4542549789920594,ncRNA,AGTTTGGTAGAGTGGATCTCGTTAAAATATGCCTATTTTGTCCATAATCCCTAGGGTTGCATCCGTGTAAGTC,73,reverse,ncl1040,NA
ncl1040,3,"LC, IL",LC,IL,,-4.039029336207577,0.398315357298262,0.02730308650657231,6.316186637160017,ncRNA,AGTTTGGTAGAGTGGATCTCGTTAAAATATGCCTATTTTGTCCATAATCCCTAGGGTTGCATCCGTGTAAGTC,73,reverse,ncl1040,NA
ncl1040,3,"LC, LL",LC,LL,,-3.624840021826922,1.2215116498487717,0.023896146722991948,5.878302016688539,ncRNA,AGTTTGGTAGAGTGGATCTCGTTAAAATATGCCTATTTTGTCCATAATCCCTAGGGTTGCATCCGTGTAAGTC,73,reverse,ncl1040,NA
ncl1040,3,"LC, LL, +D, +G",LC,LL,"+D, +G",1.5346004088012097,0.6754160974633785,0.025227305379901366,2.452489624771831,ncRNA,AGTTTGGTAGAGTGGATCTCGTTAAAATATGCCTATTTTGTCCATAATCCCTAGGGTTGCATCCGTGTAAGTC,73,reverse,ncl1040,NA
ncl1040,3,"LC, LL, +FL",LC,LL,+FL,-4.129459292168403,0.2476372273676165,0.02646244507467004,6.513685329187047,ncRNA,AGTTTGGTAGAGTGGATCTCGTTAAAATATGCCTATTTTGTCCATAATCCCTAGGGTTGCATCCGTGTAAGTC,73,reverse,ncl1040,NA
ncl1040,3,"LC, LL, +G",LC,LL,+G,-0.42132972949671216,0.023473381792260516,0.09602800990993836,0.42874600547279684,ncRNA,AGTTTGGTAGAGTGGATCTCGTTAAAATATGCCTATTTTGTCCATAATCCCTAGGGTTGCATCCGTGTAAGTC,73,reverse,ncl1040,NA
ncl1220,3,"HC, HL",HC,HL,,0.6545093452188616,0.17015454944318517,0.04070671022037001,0.9099865923260528,ncRNA,ATGGTCTGCTCATCTATGGTGAGGACAGTCGGAATTATCACGGTTTTAGTTGGTAAGAATAACCCCATTTACCTAGATTCAGACTGGACCTTATCAGT,98,reverse,ncl1220,NA
ncl1220,3,"HC, IL",HC,IL,,0.47507927205740913,0.45733565301399653,0.28025173913017526,0.2624583437233213,ncRNA,ATGGTCTGCTCATCTATGGTGAGGACAGTCGGAATTATCACGGTTTTAGTTGGTAAGAATAACCCCATTTACCTAGATTCAGACTGGACCTTATCAGT,98,reverse,ncl1220,NA
ncl1220,3,"HC, LL",HC,LL,,-0.6922392745362604,0.3997747073500597,0.07508583152074161,0.7783829180607411,ncRNA,ATGGTCTGCTCATCTATGGTGAGGACAGTCGGAATTATCACGGTTTTAGTTGGTAAGAATAACCCCATTTACCTAGATTCAGACTGGACCTTATCAGT,98,reverse,ncl1220,NA
ncl1220,3,"HC, LL, -N",HC,LL,-N,-0.25768868409817114,0.138016273805922,0.24126658347879026,0.1591234905791333,ncRNA,ATGGTCTGCTCATCTATGGTGAGGACAGTCGGAATTATCACGGTTTTAGTTGGTAAGAATAACCCCATTTACCTAGATTCAGACTGGACCTTATCAGT,98,reverse,ncl1220,NA
ncl1220,3,"HC, LL, +FL",HC,LL,+FL,-0.3560646463302047,0.31858117712970596,0.25610295145330925,0.21064265209473676,ncRNA,ATGGTCTGCTCATCTATGGTGAGGACAGTCGGAATTATCACGGTTTTAGTTGGTAAGAATAACCCCATTTACCTAGATTCAGACTGGACCTTATCAGT,98,reverse,ncl1220,NA
ncl1220,3,"HC, LL, +G",HC,LL,+G,2.683447758192283,0.5906392147831788,0.02231982382669682,4.431202071892634,ncRNA,ATGGTCTGCTCATCTATGGTGAGGACAGTCGGAATTATCACGGTTTTAGTTGGTAAGAATAACCCCATTTACCTAGATTCAGACTGGACCTTATCAGT,98,reverse,ncl1220,NA
ncl1220,3,"LC, IL",LC,IL,,0.7056142684022251,0.292827356844793,0.057008145768120105,0.877828663225326,ncRNA,ATGGTCTGCTCATCTATGGTGAGGACAGTCGGAATTATCACGGTTTTAGTTGGTAAGAATAACCCCATTTACCTAGATTCAGACTGGACCTTATCAGT,98,reverse,ncl1220,NA
ncl1220,3,"LC, LL",LC,LL,,0.3739576818005788,0.24448765992670457,0.2040273748417531,0.2581473100744903,ncRNA,ATGGTCTGCTCATCTATGGTGAGGACAGTCGGAATTATCACGGTTTTAGTTGGTAAGAATAACCCCATTTACCTAGATTCAGACTGGACCTTATCAGT,98,reverse,ncl1220,NA
ncl1220,3,"LC, LL, +D, +G",LC,LL,"+D, +G",0.3883871208299538,0.24964701166900938,0.25946113180658414,0.22756676922862237,ncRNA,ATGGTCTGCTCATCTATGGTGAGGACAGTCGGAATTATCACGGTTTTAGTTGGTAAGAATAACCCCATTTACCTAGATTCAGACTGGACCTTATCAGT,98,reverse,ncl1220,NA
ncl1220,3,"LC, LL, +FL",LC,LL,+FL,-0.7177786713669622,0.3291469339363989,0.07068309635492741,0.8259367441816643,ncRNA,ATGGTCTGCTCATCTATGGTGAGGACAGTCGGAATTATCACGGTTTTAGTTGGTAAGAATAACCCCATTTACCTAGATTCAGACTGGACCTTATCAGT,98,reverse,ncl1220,NA
ncl1220,3,"LC, LL, +G",LC,LL,+G,2.7462495098265856,0.629525344638118,0.02358809367691887,4.468991479911759,ncRNA,ATGGTCTGCTCATCTATGGTGAGGACAGTCGGAATTATCACGGTTTTAGTTGGTAAGAATAACCCCATTTACCTAGATTCAGACTGGACCTTATCAGT,98,reverse,ncl1220,NA
ncl1330,4,"HC, HL",HC,HL,,0.5263040549357424,0.03712264532603011,0.024008723964000424,0.8524183215271948,ncRNA,CTCAGCAGGTCACTGCGGCCTGAAAAGTTCGTCAGCGGCGTTGTTTTCCTTGATTAATTACCTAAGCTATCTAAGGACCAACACGACGTAAATGGGCTTGACTGCCATGGGGATCAGCGCTAAATGCTACTGGGAGTAATTTTTGCTTTCTTTTACTTCGACTTTATAACTGTGTTTTATTTTACAAATCCTACAGGAATTCTATTGTTTTTTAACGCTGCAATTTGACCTATTTAGCCCGATTTTTGAGAAATCC,256,reverse,ncl1330,NA
ncl1330,4,"HC, IL",HC,IL,,0.3570246170899595,0.19869831656504852,0.25509104406028255,0.2118244149959084,ncRNA,CTCAGCAGGTCACTGCGGCCTGAAAAGTTCGTCAGCGGCGTTGTTTTCCTTGATTAATTACCTAAGCTATCTAAGGACCAACACGACGTAAATGGGCTTGACTGCCATGGGGATCAGCGCTAAATGCTACTGGGAGTAATTTTTGCTTTCTTTTACTTCGACTTTATAACTGTGTTTTATTTTACAAATCCTACAGGAATTCTATTGTTTTTTAACGCTGCAATTTGACCTATTTAGCCCGATTTTTGAGAAATCC,256,reverse,ncl1330,NA
ncl1330,4,"HC, LL",HC,LL,,0.2557998086393067,0.21257212829588484,0.5811528409468126,0.060294479481541874,ncRNA,CTCAGCAGGTCACTGCGGCCTGAAAAGTTCGTCAGCGGCGTTGTTTTCCTTGATTAATTACCTAAGCTATCTAAGGACCAACACGACGTAAATGGGCTTGACTGCCATGGGGATCAGCGCTAAATGCTACTGGGAGTAATTTTTGCTTTCTTTTACTTCGACTTTATAACTGTGTTTTATTTTACAAATCCTACAGGAATTCTATTGTTTTTTAACGCTGCAATTTGACCTATTTAGCCCGATTTTTGAGAAATCC,256,reverse,ncl1330,NA
ncl1330,4,"HC, LL, -N",HC,LL,-N,0.0018926077315777248,0.13228620323248594,0.7781660513762576,2.061574447642136e-4,ncRNA,CTCAGCAGGTCACTGCGGCCTGAAAAGTTCGTCAGCGGCGTTGTTTTCCTTGATTAATTACCTAAGCTATCTAAGGACCAACACGACGTAAATGGGCTTGACTGCCATGGGGATCAGCGCTAAATGCTACTGGGAGTAATTTTTGCTTTCTTTTACTTCGACTTTATAACTGTGTTTTATTTTACAAATCCTACAGGAATTCTATTGTTTTTTAACGCTGCAATTTGACCTATTTAGCCCGATTTTTGAGAAATCC,256,reverse,ncl1330,NA
ncl1330,4,"HC, LL, +FL",HC,LL,+FL,0.27938023772612314,0.06592905371156602,0.23319061007518632,0.17664903475115237,ncRNA,CTCAGCAGGTCACTGCGGCCTGAAAAGTTCGTCAGCGGCGTTGTTTTCCTTGATTAATTACCTAAGCTATCTAAGGACCAACACGACGTAAATGGGCTTGACTGCCATGGGGATCAGCGCTAAATGCTACTGGGAGTAATTTTTGCTTTCTTTTACTTCGACTTTATAACTGTGTTTTATTTTACAAATCCTACAGGAATTCTATTGTTTTTTAACGCTGCAATTTGACCTATTTAGCCCGATTTTTGAGAAATCC,256,reverse,ncl1330,NA
ncl1330,4,"HC, LL, +G",HC,LL,+G,1.3448580936865537,0.12239162772642445,0.007496976497552928,2.857976562027424,ncRNA,CTCAGCAGGTCACTGCGGCCTGAAAAGTTCGTCAGCGGCGTTGTTTTCCTTGATTAATTACCTAAGCTATCTAAGGACCAACACGACGTAAATGGGCTTGACTGCCATGGGGATCAGCGCTAAATGCTACTGGGAGTAATTTTTGCTTTCTTTTACTTCGACTTTATAACTGTGTTTTATTTTACAAATCCTACAGGAATTCTATTGTTTTTTAACGCTGCAATTTGACCTATTTAGCCCGATTTTTGAGAAATCC,256,reverse,ncl1330,NA
ncl1330,4,"LC, IL",LC,IL,,0.15518877070916623,0.18641405348340803,0.8167570081932871,0.013642199498308328,ncRNA,CTCAGCAGGTCACTGCGGCCTGAAAAGTTCGTCAGCGGCGTTGTTTTCCTTGATTAATTACCTAAGCTATCTAAGGACCAACACGACGTAAATGGGCTTGACTGCCATGGGGATCAGCGCTAAATGCTACTGGGAGTAATTTTTGCTTTCTTTTACTTCGACTTTATAACTGTGTTTTATTTTACAAATCCTACAGGAATTCTATTGTTTTTTAACGCTGCAATTTGACCTATTTAGCCCGATTTTTGAGAAATCC,256,reverse,ncl1330,NA
ncl1330,4,"LC, LL",LC,LL,,0.33500777087660427,0.04814919911809127,0.11504355311968534,0.31461843196946804,ncRNA,CTCAGCAGGTCACTGCGGCCTGAAAAGTTCGTCAGCGGCGTTGTTTTCCTTGATTAATTACCTAAGCTATCTAAGGACCAACACGACGTAAATGGGCTTGACTGCCATGGGGATCAGCGCTAAATGCTACTGGGAGTAATTTTTGCTTTCTTTTACTTCGACTTTATAACTGTGTTTTATTTTACAAATCCTACAGGAATTCTATTGTTTTTTAACGCTGCAATTTGACCTATTTAGCCCGATTTTTGAGAAATCC,256,reverse,ncl1330,NA
ncl1330,4,"LC, LL, +D, +G",LC,LL,"+D, +G",0.4185687216697314,0.10057932504447813,0.07435415497420537,0.47243632189180523,ncRNA,CTCAGCAGGTCACTGCGGCCTGAAAAGTTCGTCAGCGGCGTTGTTTTCCTTGATTAATTACCTAAGCTATCTAAGGACCAACACGACGTAAATGGGCTTGACTGCCATGGGGATCAGCGCTAAATGCTACTGGGAGTAATTTTTGCTTTCTTTTACTTCGACTTTATAACTGTGTTTTATTTTACAAATCCTACAGGAATTCTATTGTTTTTTAACGCTGCAATTTGACCTATTTAGCCCGATTTTTGAGAAATCC,256,reverse,ncl1330,NA
ncl1330,4,"LC, LL, +FL",LC,LL,+FL,0.130779894036449,0.13766825946048586,0.9069539895542174,0.005546995786181719,ncRNA,CTCAGCAGGTCACTGCGGCCTGAAAAGTTCGTCAGCGGCGTTGTTTTCCTTGATTAATTACCTAAGCTATCTAAGGACCAACACGACGTAAATGGGCTTGACTGCCATGGGGATCAGCGCTAAATGCTACTGGGAGTAATTTTTGCTTTCTTTTACTTCGACTTTATAACTGTGTTTTATTTTACAAATCCTACAGGAATTCTATTGTTTTTTAACGCTGCAATTTGACCTATTTAGCCCGATTTTTGAGAAATCC,256,reverse,ncl1330,NA
ncl1330,4,"LC, LL, +G",LC,LL,+G,2.0718462475104156,0.7723072321874815,0.007366995361409673,4.418646389240404,ncRNA,CTCAGCAGGTCACTGCGGCCTGAAAAGTTCGTCAGCGGCGTTGTTTTCCTTGATTAATTACCTAAGCTATCTAAGGACCAACACGACGTAAATGGGCTTGACTGCCATGGGGATCAGCGCTAAATGCTACTGGGAGTAATTTTTGCTTTCTTTTACTTCGACTTTATAACTGTGTTTTATTTTACAAATCCTACAGGAATTCTATTGTTTTTTAACGCTGCAATTTGACCTATTTAGCCCGATTTTTGAGAAATCC,256,reverse,ncl1330,NA
ncl1410,2,"HC, HL",HC,HL,,-0.6581363972740361,0.1540638957500575,0.1397277030160682,0.5625206831420689,ncRNA,AGTTCTCCCGGAGCAAGCTCCCCAGTTGGTGGCAGACTACCTTACTTTGGAGGGGAGTTATTTGGCCTTTTAACTTAAAGGGCCACAAC,89,reverse,ncl1410,NA
ncl1410,2,"HC, IL",HC,IL,,-0.7791304746009878,0.5391575013680651,0.17542778031210088,0.5889459970715528,ncRNA,AGTTCTCCCGGAGCAAGCTCCCCAGTTGGTGGCAGACTACCTTACTTTGGAGGGGAGTTATTTGGCCTTTTAACTTAAAGGGCCACAAC,89,reverse,ncl1410,NA
ncl1410,2,"HC, LL",HC,LL,,-1.3664132626610068,0.9221500541799772,0.14558612992556486,1.143523929257442,ncRNA,AGTTCTCCCGGAGCAAGCTCCCCAGTTGGTGGCAGACTACCTTACTTTGGAGGGGAGTTATTTGGCCTTTTAACTTAAAGGGCCACAAC,89,reverse,ncl1410,NA
ncl1410,2,"HC, LL, -N",HC,LL,-N,-0.4049678096551367,0.4408597096830194,0.541480786089443,0.10789028840319909,ncRNA,AGTTCTCCCGGAGCAAGCTCCCCAGTTGGTGGCAGACTACCTTACTTTGGAGGGGAGTTATTTGGCCTTTTAACTTAAAGGGCCACAAC,89,reverse,ncl1410,NA
ncl1410,2,"HC, LL, +FL",HC,LL,+FL,-1.5177932866401813,1.095381161922306,0.1555120937267988,1.226734919065351,ncRNA,AGTTCTCCCGGAGCAAGCTCCCCAGTTGGTGGCAGACTACCTTACTTTGGAGGGGAGTTATTTGGCCTTTTAACTTAAAGGGCCACAAC,89,reverse,ncl1410,NA
ncl1410,2,"HC, LL, +G",HC,LL,+G,-0.7504706289117732,0.44791817488887015,0.1732652745124913,0.5713246361255968,ncRNA,AGTTCTCCCGGAGCAAGCTCCCCAGTTGGTGGCAGACTACCTTACTTTGGAGGGGAGTTATTTGGCCTTTTAACTTAAAGGGCCACAAC,89,reverse,ncl1410,NA
ncl1410,2,"LC, IL",LC,IL,,-4.369269826913045,1.604184330544619,0.09523205023114731,4.461972038181893,ncRNA,AGTTCTCCCGGAGCAAGCTCCCCAGTTGGTGGCAGACTACCTTACTTTGGAGGGGAGTTATTTGGCCTTTTAACTTAAAGGGCCACAAC,89,reverse,ncl1410,NA
ncl1410,2,"LC, LL",LC,LL,,-3.1106249703896216,1.793367796203584,0.08622547335873854,3.310838519967568,ncRNA,AGTTCTCCCGGAGCAAGCTCCCCAGTTGGTGGCAGACTACCTTACTTTGGAGGGGAGTTATTTGGCCTTTTAACTTAAAGGGCCACAAC,89,reverse,ncl1410,NA
ncl1410,2,"LC, LL, +D, +G",LC,LL,"+D, +G",-0.34760688606597784,0.6307866526704816,0.9000225240097047,0.01590184073412561,ncRNA,AGTTCTCCCGGAGCAAGCTCCCCAGTTGGTGGCAGACTACCTTACTTTGGAGGGGAGTTATTTGGCCTTTTAACTTAAAGGGCCACAAC,89,reverse,ncl1410,NA
ncl1410,2,"LC, LL, +FL",LC,LL,+FL,-3.1675679026657293,1.8161339890498938,0.09519916515625433,3.2352488829624493,ncRNA,AGTTCTCCCGGAGCAAGCTCCCCAGTTGGTGGCAGACTACCTTACTTTGGAGGGGAGTTATTTGGCCTTTTAACTTAAAGGGCCACAAC,89,reverse,ncl1410,NA
ncl1410,2,"LC, LL, +G",LC,LL,+G,-0.09072618630573732,0.2829366858738499,0.9474651017797542,0.0021263294457824116,ncRNA,AGTTCTCCCGGAGCAAGCTCCCCAGTTGGTGGCAGACTACCTTACTTTGGAGGGGAGTTATTTGGCCTTTTAACTTAAAGGGCCACAAC,89,reverse,ncl1410,NA
ncl1450,5,"HC, HL",HC,HL,,-0.6763571031592261,0.43281582699391546,0.04070671022037001,0.9403622728924911,ncRNA,GCTTGTTGCTTTGCCCCCATGGTTGAAGGTTAACGGATTTAATCGGCGCCAAAGGCCCTAAACCCTAACACCTCCTTGATTGTATGACGCTCATCGACACCAACAGCCTCCATAATGCCGCCTTTGTGTTGGGAACAGTTCTCTTTGTTGGAATTCTAGTCTGGTCAGTGTGGTTCGCGTTCCACATGGATTGACGCCTCCATTCCCCAACGGCGGTGAA,220,reverse,ncl1450,NA
ncl1450,5,"HC, IL",HC,IL,,-0.198326170324474,0.38268865263720026,0.8846155761146367,0.010559959827026767,ncRNA,GCTTGTTGCTTTGCCCCCATGGTTGAAGGTTAACGGATTTAATCGGCGCCAAAGGCCCTAAACCCTAACACCTCCTTGATTGTATGACGCTCATCGACACCAACAGCCTCCATAATGCCGCCTTTGTGTTGGGAACAGTTCTCTTTGTTGGAATTCTAGTCTGGTCAGTGTGGTTCGCGTTCCACATGGATTGACGCCTCCATTCCCCAACGGCGGTGAA,220,reverse,ncl1450,NA
ncl1450,5,"HC, LL",HC,LL,,-0.004302205111886708,0.3385586693276638,0.9862611698541649,2.5847928700199352e-5,ncRNA,GCTTGTTGCTTTGCCCCCATGGTTGAAGGTTAACGGATTTAATCGGCGCCAAAGGCCCTAAACCCTAACACCTCCTTGATTGTATGACGCTCATCGACACCAACAGCCTCCATAATGCCGCCTTTGTGTTGGGAACAGTTCTCTTTGTTGGAATTCTAGTCTGGTCAGTGTGGTTCGCGTTCCACATGGATTGACGCCTCCATTCCCCAACGGCGGTGAA,220,reverse,ncl1450,NA
ncl1450,5,"HC, LL, -N",HC,LL,-N,-0.24901759424242345,0.4684484078877633,0.7841510769111877,0.02629632189216649,ncRNA,GCTTGTTGCTTTGCCCCCATGGTTGAAGGTTAACGGATTTAATCGGCGCCAAAGGCCCTAAACCCTAACACCTCCTTGATTGTATGACGCTCATCGACACCAACAGCCTCCATAATGCCGCCTTTGTGTTGGGAACAGTTCTCTTTGTTGGAATTCTAGTCTGGTCAGTGTGGTTCGCGTTCCACATGGATTGACGCCTCCATTCCCCAACGGCGGTGAA,220,reverse,ncl1450,NA
ncl1450,5,"HC, LL, +FL",HC,LL,+FL,-0.35837155840106083,0.36625388162653166,0.4211996221564321,0.13457283034188594,ncRNA,GCTTGTTGCTTTGCCCCCATGGTTGAAGGTTAACGGATTTAATCGGCGCCAAAGGCCCTAAACCCTAACACCTCCTTGATTGTATGACGCTCATCGACACCAACAGCCTCCATAATGCCGCCTTTGTGTTGGGAACAGTTCTCTTTGTTGGAATTCTAGTCTGGTCAGTGTGGTTCGCGTTCCACATGGATTGACGCCTCCATTCCCCAACGGCGGTGAA,220,reverse,ncl1450,NA
ncl1450,5,"HC, LL, +G",HC,LL,+G,-0.4634604140028285,0.4456583302338204,0.24576937532259216,0.28246625406657017,ncRNA,GCTTGTTGCTTTGCCCCCATGGTTGAAGGTTAACGGATTTAATCGGCGCCAAAGGCCCTAAACCCTAACACCTCCTTGATTGTATGACGCTCATCGACACCAACAGCCTCCATAATGCCGCCTTTGTGTTGGGAACAGTTCTCTTTGTTGGAATTCTAGTCTGGTCAGTGTGGTTCGCGTTCCACATGGATTGACGCCTCCATTCCCCAACGGCGGTGAA,220,reverse,ncl1450,NA
ncl1450,5,"LC, IL",LC,IL,,0.06089496970405296,0.35498809694131717,0.40758968432441495,0.023735447406111165,ncRNA,GCTTGTTGCTTTGCCCCCATGGTTGAAGGTTAACGGATTTAATCGGCGCCAAAGGCCCTAAACCCTAACACCTCCTTGATTGTATGACGCTCATCGACACCAACAGCCTCCATAATGCCGCCTTTGTGTTGGGAACAGTTCTCTTTGTTGGAATTCTAGTCTGGTCAGTGTGGTTCGCGTTCCACATGGATTGACGCCTCCATTCCCCAACGGCGGTGAA,220,reverse,ncl1450,NA
ncl1450,5,"LC, LL",LC,LL,,-1.9065239763201343,0.3457774263864921,0.004453316100481262,4.482841239607026,ncRNA,GCTTGTTGCTTTGCCCCCATGGTTGAAGGTTAACGGATTTAATCGGCGCCAAAGGCCCTAAACCCTAACACCTCCTTGATTGTATGACGCTCATCGACACCAACAGCCTCCATAATGCCGCCTTTGTGTTGGGAACAGTTCTCTTTGTTGGAATTCTAGTCTGGTCAGTGTGGTTCGCGTTCCACATGGATTGACGCCTCCATTCCCCAACGGCGGTGAA,220,reverse,ncl1450,NA
ncl1450,5,"LC, LL, +D, +G",LC,LL,"+D, +G",-0.5246865585182652,0.48144635255886054,0.27362949671467784,0.29531305489194293,ncRNA,GCTTGTTGCTTTGCCCCCATGGTTGAAGGTTAACGGATTTAATCGGCGCCAAAGGCCCTAAACCCTAACACCTCCTTGATTGTATGACGCTCATCGACACCAACAGCCTCCATAATGCCGCCTTTGTGTTGGGAACAGTTCTCTTTGTTGGAATTCTAGTCTGGTCAGTGTGGTTCGCGTTCCACATGGATTGACGCCTCCATTCCCCAACGGCGGTGAA,220,reverse,ncl1450,NA
ncl1450,5,"LC, LL, +FL",LC,LL,+FL,0.2531886181460878,0.4666311801782838,0.21010792136500003,0.1715498658174529,ncRNA,GCTTGTTGCTTTGCCCCCATGGTTGAAGGTTAACGGATTTAATCGGCGCCAAAGGCCCTAAACCCTAACACCTCCTTGATTGTATGACGCTCATCGACACCAACAGCCTCCATAATGCCGCCTTTGTGTTGGGAACAGTTCTCTTTGTTGGAATTCTAGTCTGGTCAGTGTGGTTCGCGTTCCACATGGATTGACGCCTCCATTCCCCAACGGCGGTGAA,220,reverse,ncl1450,NA
ncl1450,5,"LC, LL, +G",LC,LL,+G,-0.5941810475936066,0.3588372085050388,0.04140287724382872,0.8217342526639332,ncRNA,GCTTGTTGCTTTGCCCCCATGGTTGAAGGTTAACGGATTTAATCGGCGCCAAAGGCCCTAAACCCTAACACCTCCTTGATTGTATGACGCTCATCGACACCAACAGCCTCCATAATGCCGCCTTTGTGTTGGGAACAGTTCTCTTTGTTGGAATTCTAGTCTGGTCAGTGTGGTTCGCGTTCCACATGGATTGACGCCTCCATTCCCCAACGGCGGTGAA,220,reverse,ncl1450,NA
ncl1650,4,"HC, HL",HC,HL,,-4.1254207882164735,0.604955305391049,0.0068114223270718,8.938805787607311,ncRNA,ATGTCGGCAACAAAGTTGAGTTAACCTAAAGCAAAGTAAAGGAAAAGTTTTTTTTCCCCACTCCTTGGACGCCGGCTTGATCCCTGTCCGCCTTTTTCT,99,reverse,ncl1650,NA
ncl1650,4,"HC, IL",HC,IL,,-2.101359523292295,0.20005880059851175,0.008033017025605025,4.402603122618923,ncRNA,ATGTCGGCAACAAAGTTGAGTTAACCTAAAGCAAAGTAAAGGAAAAGTTTTTTTTCCCCACTCCTTGGACGCCGGCTTGATCCCTGTCCGCCTTTTTCT,99,reverse,ncl1650,NA
ncl1650,4,"HC, LL",HC,LL,,-1.3880836837064465,0.5067144783684767,0.010947604440653874,2.7215891703072135,ncRNA,ATGTCGGCAACAAAGTTGAGTTAACCTAAAGCAAAGTAAAGGAAAAGTTTTTTTTCCCCACTCCTTGGACGCCGGCTTGATCCCTGTCCGCCTTTTTCT,99,reverse,ncl1650,NA
ncl1650,4,"HC, LL, -N",HC,LL,-N,-2.79180482539484,0.5078454119080933,0.007942776316187524,5.862867376549066,ncRNA,ATGTCGGCAACAAAGTTGAGTTAACCTAAAGCAAAGTAAAGGAAAAGTTTTTTTTCCCCACTCCTTGGACGCCGGCTTGATCCCTGTCCGCCTTTTTCT,99,reverse,ncl1650,NA
ncl1650,4,"HC, LL, +FL",HC,LL,+FL,-2.512637742422081,0.4848649777685413,0.008367879430821356,5.2197149162950796,ncRNA,ATGTCGGCAACAAAGTTGAGTTAACCTAAAGCAAAGTAAAGGAAAAGTTTTTTTTCCCCACTCCTTGGACGCCGGCTTGATCCCTGTCCGCCTTTTTCT,99,reverse,ncl1650,NA
ncl1650,4,"HC, LL, +G",HC,LL,+G,-2.751823758761251,0.3268257756277975,0.0073285721722292614,5.8750904244211695,ncRNA,ATGTCGGCAACAAAGTTGAGTTAACCTAAAGCAAAGTAAAGGAAAAGTTTTTTTTCCCCACTCCTTGGACGCCGGCTTGATCCCTGTCCGCCTTTTTCT,99,reverse,ncl1650,NA
ncl1650,4,"LC, IL",LC,IL,,-2.3362267050081895,0.4675133909816196,0.009412164087015753,4.733920726462216,ncRNA,ATGTCGGCAACAAAGTTGAGTTAACCTAAAGCAAAGTAAAGGAAAAGTTTTTTTTCCCCACTCCTTGGACGCCGGCTTGATCCCTGTCCGCCTTTTTCT,99,reverse,ncl1650,NA
ncl1650,4,"LC, LL",LC,LL,,-2.472759025664531,0.21740176100077788,0.007309760103329909,5.2820528292774105,ncRNA,ATGTCGGCAACAAAGTTGAGTTAACCTAAAGCAAAGTAAAGGAAAAGTTTTTTTTCCCCACTCCTTGGACGCCGGCTTGATCCCTGTCCGCCTTTTTCT,99,reverse,ncl1650,NA
ncl1650,4,"LC, LL, +D, +G",LC,LL,"+D, +G",-2.738438423057386,0.27091129950438847,0.007581741029088091,5.806122183847156,ncRNA,ATGTCGGCAACAAAGTTGAGTTAACCTAAAGCAAAGTAAAGGAAAAGTTTTTTTTCCCCACTCCTTGGACGCCGGCTTGATCCCTGTCCGCCTTTTTCT,99,reverse,ncl1650,NA
ncl1650,4,"LC, LL, +FL",LC,LL,+FL,-2.279812943966373,0.8581260614307932,0.008969711929079114,4.667282085163482,ncRNA,ATGTCGGCAACAAAGTTGAGTTAACCTAAAGCAAAGTAAAGGAAAAGTTTTTTTTCCCCACTCCTTGGACGCCGGCTTGATCCCTGTCCGCCTTTTTCT,99,reverse,ncl1650,NA
ncl1650,4,"LC, LL, +G",LC,LL,+G,-2.2691453152749177,0.2931533375805246,0.00792469694705048,4.767513647339782,ncRNA,ATGTCGGCAACAAAGTTGAGTTAACCTAAAGCAAAGTAAAGGAAAAGTTTTTTTTCCCCACTCCTTGGACGCCGGCTTGATCCCTGTCCGCCTTTTTCT,99,reverse,ncl1650,NA
ncl1670,5,"HC, HL",HC,HL,,-3.0353841847773766,1.2626042263310133,0.004020937266418331,7.271787033344325,ncRNA,CAGACTAGAGCATCCCACCATCAGGGATAATCGATGGTCCCCGTCCTAGGGCTAGAAGGACTAAACCTGTGAATGAGCGGAAAGTTAATACCCAGTTTGGACAGCAGTTCAATTCTGCTCGGCTCCA,127,reverse,ncl1670,NA
ncl1670,5,"HC, IL",HC,IL,,-1.194098374932452,0.6082743230348029,0.009000189922861347,2.442824751526493,ncRNA,CAGACTAGAGCATCCCACCATCAGGGATAATCGATGGTCCCCGTCCTAGGGCTAGAAGGACTAAACCTGTGAATGAGCGGAAAGTTAATACCCAGTTTGGACAGCAGTTCAATTCTGCTCGGCTCCA,127,reverse,ncl1670,NA
ncl1670,5,"HC, LL",HC,LL,,-0.5308820880264606,0.3707384699193382,0.11141194099177212,0.5059668676516097,ncRNA,CAGACTAGAGCATCCCACCATCAGGGATAATCGATGGTCCCCGTCCTAGGGCTAGAAGGACTAAACCTGTGAATGAGCGGAAAGTTAATACCCAGTTTGGACAGCAGTTCAATTCTGCTCGGCTCCA,127,reverse,ncl1670,NA
ncl1670,5,"HC, LL, -N",HC,LL,-N,-0.6241426757377849,0.48984442915220927,0.21142106219676654,0.42120377670459946,ncRNA,CAGACTAGAGCATCCCACCATCAGGGATAATCGATGGTCCCCGTCCTAGGGCTAGAAGGACTAAACCTGTGAATGAGCGGAAAGTTAATACCCAGTTTGGACAGCAGTTCAATTCTGCTCGGCTCCA,127,reverse,ncl1670,NA
ncl1670,5,"HC, LL, +FL",HC,LL,+FL,-0.8300418172325041,0.4028143921890787,0.023553694948906825,1.3512590677438288,ncRNA,CAGACTAGAGCATCCCACCATCAGGGATAATCGATGGTCCCCGTCCTAGGGCTAGAAGGACTAAACCTGTGAATGAGCGGAAAGTTAATACCCAGTTTGGACAGCAGTTCAATTCTGCTCGGCTCCA,127,reverse,ncl1670,NA
ncl1670,5,"HC, LL, +G",HC,LL,+G,-1.7528109522782354,1.0792854375261192,0.01175457618851972,3.382562349417241,ncRNA,CAGACTAGAGCATCCCACCATCAGGGATAATCGATGGTCCCCGTCCTAGGGCTAGAAGGACTAAACCTGTGAATGAGCGGAAAGTTAATACCCAGTTTGGACAGCAGTTCAATTCTGCTCGGCTCCA,127,reverse,ncl1670,NA
ncl1670,5,"LC, IL",LC,IL,,0.25334165959728844,0.09314467442810402,0.27860757643147466,0.14060641412314798,ncRNA,CAGACTAGAGCATCCCACCATCAGGGATAATCGATGGTCCCCGTCCTAGGGCTAGAAGGACTAAACCTGTGAATGAGCGGAAAGTTAATACCCAGTTTGGACAGCAGTTCAATTCTGCTCGGCTCCA,127,reverse,ncl1670,NA
ncl1670,5,"LC, LL",LC,LL,,-1.1084665164736136,0.4996845217397683,0.007475185396714336,2.3570188494633513,ncRNA,CAGACTAGAGCATCCCACCATCAGGGATAATCGATGGTCCCCGTCCTAGGGCTAGAAGGACTAAACCTGTGAATGAGCGGAAAGTTAATACCCAGTTTGGACAGCAGTTCAATTCTGCTCGGCTCCA,127,reverse,ncl1670,NA
ncl1670,5,"LC, LL, +D, +G",LC,LL,"+D, +G",-0.6313337579238318,0.3668743880603592,0.019603104706633588,1.0781129636823534,ncRNA,CAGACTAGAGCATCCCACCATCAGGGATAATCGATGGTCCCCGTCCTAGGGCTAGAAGGACTAAACCTGTGAATGAGCGGAAAGTTAATACCCAGTTTGGACAGCAGTTCAATTCTGCTCGGCTCCA,127,reverse,ncl1670,NA
ncl1670,5,"LC, LL, +FL",LC,LL,+FL,-0.6114642742573607,1.0106878207965595,0.9520832492884291,0.013039521901511423,ncRNA,CAGACTAGAGCATCCCACCATCAGGGATAATCGATGGTCCCCGTCCTAGGGCTAGAAGGACTAAACCTGTGAATGAGCGGAAAGTTAATACCCAGTTTGGACAGCAGTTCAATTCTGCTCGGCTCCA,127,reverse,ncl1670,NA
ncl1670,5,"LC, LL, +G",LC,LL,+G,-1.7451269833514618,0.8660793032624223,0.008488117103644888,3.6144871788385613,ncRNA,CAGACTAGAGCATCCCACCATCAGGGATAATCGATGGTCCCCGTCCTAGGGCTAGAAGGACTAAACCTGTGAATGAGCGGAAAGTTAATACCCAGTTTGGACAGCAGTTCAATTCTGCTCGGCTCCA,127,reverse,ncl1670,NA
ncl1680,5,"HC, HL",HC,HL,,-2.7343125599274445,1.3990238686458003,0.004020937266418331,6.550517960166949,ncRNA,GTATATCAAGGGGCCGCAATGGTTTCGACAGGTTGGCGAAAGCTTGCCCGTGATACAGGTCGAGAGTGAGTCTCCTCTCGCAAATCAAAGGCTCAAAAAAAAGTAACTGCGAATAACATCGTCAGCTTCAAACGGGTAGCCATAGCAGCCTAGTCTGTAAAAGCTACATTTTCTTGTCAAAGACCGTTTACTTCTTTTCTGACTCCGTTAAGGATTAGAGGTTAACCCCAACGGATGCTTTGTTTGGCTCTTCTCTAGTTAGCTAAACAATCAAGACTCAGACTAGAGCATCCCACCATCAGGGATAATCGATGGTCCCCGTCCTAGGGCTAGAAGGACTAAACCTGTGAATGAGCGGAAAGTTAATACCCAGTTTGGACAGCAGTTCAATTCTGCTCGGCTCCA,405,reverse,ncl1680,ssrA
ncl1680,5,"HC, IL",HC,IL,,-1.1470217300763468,0.6679695366965303,0.007574576024267105,2.432422078501973,ncRNA,GTATATCAAGGGGCCGCAATGGTTTCGACAGGTTGGCGAAAGCTTGCCCGTGATACAGGTCGAGAGTGAGTCTCCTCTCGCAAATCAAAGGCTCAAAAAAAAGTAACTGCGAATAACATCGTCAGCTTCAAACGGGTAGCCATAGCAGCCTAGTCTGTAAAAGCTACATTTTCTTGTCAAAGACCGTTTACTTCTTTTCTGACTCCGTTAAGGATTAGAGGTTAACCCCAACGGATGCTTTGTTTGGCTCTTCTCTAGTTAGCTAAACAATCAAGACTCAGACTAGAGCATCCCACCATCAGGGATAATCGATGGTCCCCGTCCTAGGGCTAGAAGGACTAAACCTGTGAATGAGCGGAAAGTTAATACCCAGTTTGGACAGCAGTTCAATTCTGCTCGGCTCCA,405,reverse,ncl1680,ssrA
ncl1680,5,"HC, LL",HC,LL,,-0.510250408225844,0.2593740442993834,0.032785714814952495,0.7573725097681941,ncRNA,GTATATCAAGGGGCCGCAATGGTTTCGACAGGTTGGCGAAAGCTTGCCCGTGATACAGGTCGAGAGTGAGTCTCCTCTCGCAAATCAAAGGCTCAAAAAAAAGTAACTGCGAATAACATCGTCAGCTTCAAACGGGTAGCCATAGCAGCCTAGTCTGTAAAAGCTACATTTTCTTGTCAAAGACCGTTTACTTCTTTTCTGACTCCGTTAAGGATTAGAGGTTAACCCCAACGGATGCTTTGTTTGGCTCTTCTCTAGTTAGCTAAACAATCAAGACTCAGACTAGAGCATCCCACCATCAGGGATAATCGATGGTCCCCGTCCTAGGGCTAGAAGGACTAAACCTGTGAATGAGCGGAAAGTTAATACCCAGTTTGGACAGCAGTTCAATTCTGCTCGGCTCCA,405,reverse,ncl1680,ssrA
ncl1680,5,"HC, LL, -N",HC,LL,-N,-0.6278279752511354,0.32860615630131823,0.022314280521921352,1.036805861426962,ncRNA,GTATATCAAGGGGCCGCAATGGTTTCGACAGGTTGGCGAAAGCTTGCCCGTGATACAGGTCGAGAGTGAGTCTCCTCTCGCAAATCAAAGGCTCAAAAAAAAGTAACTGCGAATAACATCGTCAGCTTCAAACGGGTAGCCATAGCAGCCTAGTCTGTAAAAGCTACATTTTCTTGTCAAAGACCGTTTACTTCTTTTCTGACTCCGTTAAGGATTAGAGGTTAACCCCAACGGATGCTTTGTTTGGCTCTTCTCTAGTTAGCTAAACAATCAAGACTCAGACTAGAGCATCCCACCATCAGGGATAATCGATGGTCCCCGTCCTAGGGCTAGAAGGACTAAACCTGTGAATGAGCGGAAAGTTAATACCCAGTTTGGACAGCAGTTCAATTCTGCTCGGCTCCA,405,reverse,ncl1680,ssrA
ncl1680,5,"HC, LL, +FL",HC,LL,+FL,-0.7891537824873089,0.38704986346803627,0.021083904667130376,1.322660373384593,ncRNA,GTATATCAAGGGGCCGCAATGGTTTCGACAGGTTGGCGAAAGCTTGCCCGTGATACAGGTCGAGAGTGAGTCTCCTCTCGCAAATCAAAGGCTCAAAAAAAAGTAACTGCGAATAACATCGTCAGCTTCAAACGGGTAGCCATAGCAGCCTAGTCTGTAAAAGCTACATTTTCTTGTCAAAGACCGTTTACTTCTTTTCTGACTCCGTTAAGGATTAGAGGTTAACCCCAACGGATGCTTTGTTTGGCTCTTCTCTAGTTAGCTAAACAATCAAGACTCAGACTAGAGCATCCCACCATCAGGGATAATCGATGGTCCCCGTCCTAGGGCTAGAAGGACTAAACCTGTGAATGAGCGGAAAGTTAATACCCAGTTTGGACAGCAGTTCAATTCTGCTCGGCTCCA,405,reverse,ncl1680,ssrA
ncl1680,5,"HC, LL, +G",HC,LL,+G,-1.6153438164571714,0.6921007268404723,0.004920391531405003,3.7282140737985388,ncRNA,GTATATCAAGGGGCCGCAATGGTTTCGACAGGTTGGCGAAAGCTTGCCCGTGATACAGGTCGAGAGTGAGTCTCCTCTCGCAAATCAAAGGCTCAAAAAAAAGTAACTGCGAATAACATCGTCAGCTTCAAACGGGTAGCCATAGCAGCCTAGTCTGTAAAAGCTACATTTTCTTGTCAAAGACCGTTTACTTCTTTTCTGACTCCGTTAAGGATTAGAGGTTAACCCCAACGGATGCTTTGTTTGGCTCTTCTCTAGTTAGCTAAACAATCAAGACTCAGACTAGAGCATCCCACCATCAGGGATAATCGATGGTCCCCGTCCTAGGGCTAGAAGGACTAAACCTGTGAATGAGCGGAAAGTTAATACCCAGTTTGGACAGCAGTTCAATTCTGCTCGGCTCCA,405,reverse,ncl1680,ssrA
ncl1680,5,"LC, IL",LC,IL,,0.37426021217906424,0.2323404768959877,0.33320288842921175,0.17863112168515988,ncRNA,GTATATCAAGGGGCCGCAATGGTTTCGACAGGTTGGCGAAAGCTTGCCCGTGATACAGGTCGAGAGTGAGTCTCCTCTCGCAAATCAAAGGCTCAAAAAAAAGTAACTGCGAATAACATCGTCAGCTTCAAACGGGTAGCCATAGCAGCCTAGTCTGTAAAAGCTACATTTTCTTGTCAAAGACCGTTTACTTCTTTTCTGACTCCGTTAAGGATTAGAGGTTAACCCCAACGGATGCTTTGTTTGGCTCTTCTCTAGTTAGCTAAACAATCAAGACTCAGACTAGAGCATCCCACCATCAGGGATAATCGATGGTCCCCGTCCTAGGGCTAGAAGGACTAAACCTGTGAATGAGCGGAAAGTTAATACCCAGTTTGGACAGCAGTTCAATTCTGCTCGGCTCCA,405,reverse,ncl1680,ssrA
ncl1680,5,"LC, LL",LC,LL,,-1.0502756873474046,0.48123431129691246,0.006456141270656163,2.3001320866107444,ncRNA,GTATATCAAGGGGCCGCAATGGTTTCGACAGGTTGGCGAAAGCTTGCCCGTGATACAGGTCGAGAGTGAGTCTCCTCTCGCAAATCAAAGGCTCAAAAAAAAGTAACTGCGAATAACATCGTCAGCTTCAAACGGGTAGCCATAGCAGCCTAGTCTGTAAAAGCTACATTTTCTTGTCAAAGACCGTTTACTTCTTTTCTGACTCCGTTAAGGATTAGAGGTTAACCCCAACGGATGCTTTGTTTGGCTCTTCTCTAGTTAGCTAAACAATCAAGACTCAGACTAGAGCATCCCACCATCAGGGATAATCGATGGTCCCCGTCCTAGGGCTAGAAGGACTAAACCTGTGAATGAGCGGAAAGTTAATACCCAGTTTGGACAGCAGTTCAATTCTGCTCGGCTCCA,405,reverse,ncl1680,ssrA
ncl1680,5,"LC, LL, +D, +G",LC,LL,"+D, +G",-0.8719566143758462,0.49277239329660133,0.03448664876695461,1.2751048883597427,ncRNA,GTATATCAAGGGGCCGCAATGGTTTCGACAGGTTGGCGAAAGCTTGCCCGTGATACAGGTCGAGAGTGAGTCTCCTCTCGCAAATCAAAGGCTCAAAAAAAAGTAACTGCGAATAACATCGTCAGCTTCAAACGGGTAGCCATAGCAGCCTAGTCTGTAAAAGCTACATTTTCTTGTCAAAGACCGTTTACTTCTTTTCTGACTCCGTTAAGGATTAGAGGTTAACCCCAACGGATGCTTTGTTTGGCTCTTCTCTAGTTAGCTAAACAATCAAGACTCAGACTAGAGCATCCCACCATCAGGGATAATCGATGGTCCCCGTCCTAGGGCTAGAAGGACTAAACCTGTGAATGAGCGGAAAGTTAATACCCAGTTTGGACAGCAGTTCAATTCTGCTCGGCTCCA,405,reverse,ncl1680,ssrA
ncl1680,5,"LC, LL, +FL",LC,LL,+FL,0.12417255407726971,0.20634275983298883,0.500452327357044,0.037330899742864604,ncRNA,GTATATCAAGGGGCCGCAATGGTTTCGACAGGTTGGCGAAAGCTTGCCCGTGATACAGGTCGAGAGTGAGTCTCCTCTCGCAAATCAAAGGCTCAAAAAAAAGTAACTGCGAATAACATCGTCAGCTTCAAACGGGTAGCCATAGCAGCCTAGTCTGTAAAAGCTACATTTTCTTGTCAAAGACCGTTTACTTCTTTTCTGACTCCGTTAAGGATTAGAGGTTAACCCCAACGGATGCTTTGTTTGGCTCTTCTCTAGTTAGCTAAACAATCAAGACTCAGACTAGAGCATCCCACCATCAGGGATAATCGATGGTCCCCGTCCTAGGGCTAGAAGGACTAAACCTGTGAATGAGCGGAAAGTTAATACCCAGTTTGGACAGCAGTTCAATTCTGCTCGGCTCCA,405,reverse,ncl1680,ssrA
ncl1680,5,"LC, LL, +G",LC,LL,+G,-1.7112472591046006,1.0296680483893228,0.0061791741758187475,3.7802642347059496,ncRNA,GTATATCAAGGGGCCGCAATGGTTTCGACAGGTTGGCGAAAGCTTGCCCGTGATACAGGTCGAGAGTGAGTCTCCTCTCGCAAATCAAAGGCTCAAAAAAAAGTAACTGCGAATAACATCGTCAGCTTCAAACGGGTAGCCATAGCAGCCTAGTCTGTAAAAGCTACATTTTCTTGTCAAAGACCGTTTACTTCTTTTCTGACTCCGTTAAGGATTAGAGGTTAACCCCAACGGATGCTTTGTTTGGCTCTTCTCTAGTTAGCTAAACAATCAAGACTCAGACTAGAGCATCCCACCATCAGGGATAATCGATGGTCCCCGTCCTAGGGCTAGAAGGACTAAACCTGTGAATGAGCGGAAAGTTAATACCCAGTTTGGACAGCAGTTCAATTCTGCTCGGCTCCA,405,reverse,ncl1680,ssrA
ncr0050,2,"HC, HL",HC,HL,,-4.285919441691398,1.4525364434119599,0.0853034932700875,4.581790105578917,ncRNA,GGTAATTTTGGGAGTTGCAGTTGAAAATCCCTTCCCATCTCTTGAAGAAAGAACAACTAGC,61,forward,ncr0050,NA
ncr0050,2,"HC, IL",HC,IL,,-4.573959675329896,1.2251879939129797,0.08849820207338313,4.816679371814596,ncRNA,GGTAATTTTGGGAGTTGCAGTTGAAAATCCCTTCCCATCTCTTGAAGAAAGAACAACTAGC,61,forward,ncr0050,NA
ncr0050,2,"HC, LL",HC,LL,,-3.975076124009152,2.732374567901687,0.09528000226224605,4.058545731304178,ncRNA,GGTAATTTTGGGAGTTGCAGTTGAAAATCCCTTCCCATCTCTTGAAGAAAGAACAACTAGC,61,forward,ncr0050,NA
ncr0050,2,"HC, LL, -N",HC,LL,-N,-5.084307587213001,2.958562637054176,0.09395039017374135,5.222099501589307,ncRNA,GGTAATTTTGGGAGTTGCAGTTGAAAATCCCTTCCCATCTCTTGAAGAAAGAACAACTAGC,61,forward,ncr0050,NA
ncr0050,2,"HC, LL, +FL",HC,LL,+FL,-4.722008670528778,2.7562824957549585,0.0967033174353678,4.790754633752245,ncRNA,GGTAATTTTGGGAGTTGCAGTTGAAAATCCCTTCCCATCTCTTGAAGAAAGAACAACTAGC,61,forward,ncr0050,NA
ncr0050,2,"HC, LL, +G",HC,LL,+G,-5.015042102556636,2.7137982965698955,0.08175744049020521,5.453721441477472,ncRNA,GGTAATTTTGGGAGTTGCAGTTGAAAATCCCTTCCCATCTCTTGAAGAAAGAACAACTAGC,61,forward,ncr0050,NA
ncr0050,2,"LC, IL",LC,IL,,-2.3330491709079806,2.135122632103537,0.20146942492555026,1.6233142732149541,ncRNA,GGTAATTTTGGGAGTTGCAGTTGAAAATCCCTTCCCATCTCTTGAAGAAAGAACAACTAGC,61,forward,ncr0050,NA
ncr0050,2,"LC, LL",LC,LL,,-5.3648007344954936,1.7823564033299166,0.08282672430514382,5.8037997719117955,ncRNA,GGTAATTTTGGGAGTTGCAGTTGAAAATCCCTTCCCATCTCTTGAAGAAAGAACAACTAGC,61,forward,ncr0050,NA
ncr0050,2,"LC, LL, +D, +G",LC,LL,"+D, +G",-4.883849959747408,2.6843048028161065,0.08574236854009336,5.2101132303496485,ncRNA,GGTAATTTTGGGAGTTGCAGTTGAAAATCCCTTCCCATCTCTTGAAGAAAGAACAACTAGC,61,forward,ncr0050,NA
ncr0050,2,"LC, LL, +FL",LC,LL,+FL,-2.989475396475351,1.7861945231316756,0.09519916515625433,3.053351099103889,ncRNA,GGTAATTTTGGGAGTTGCAGTTGAAAATCCCTTCCCATCTCTTGAAGAAAGAACAACTAGC,61,forward,ncr0050,NA
ncr0050,2,"LC, LL, +G",LC,LL,+G,-4.164650902388292,1.5738504532739968,0.08326231054918874,4.495955301505368,ncRNA,GGTAATTTTGGGAGTTGCAGTTGAAAATCCCTTCCCATCTCTTGAAGAAAGAACAACTAGC,61,forward,ncr0050,NA
ncr0075,5,"HC, HL",HC,HL,,-2.918283962805236,1.4020845448402461,0.0061731731411464345,6.4479237331265535,ncRNA,AGAGAGTTAGGGAGGGAGTTGCGGATTCCTGTCACAGGGAATCTGAGGAAAGTCCGGGCTTCCCAAAGGCCAAACTTGCTGGGTAACGCCCAGTGCGCGCGAGCGTGAGGACAGTGCCACAGAAAAATACCGCCCTTTTTAGAAAACAGCAACCAGTAAACAGTTAACAGGGTTTTTCTGCTGACTAACTGGTAACTGACCACTGAAAAGGGTAAGGGTGCAAAGGTGCGGTAAGAGCGCACCAGCAGTATCGAG,255,forward,ncr0075,NA
ncr0075,5,"HC, IL",HC,IL,,-2.3229891861022085,1.3638600285112763,0.08951637103985043,2.434719233416801,ncRNA,AGAGAGTTAGGGAGGGAGTTGCGGATTCCTGTCACAGGGAATCTGAGGAAAGTCCGGGCTTCCCAAAGGCCAAACTTGCTGGGTAACGCCCAGTGCGCGCGAGCGTGAGGACAGTGCCACAGAAAAATACCGCCCTTTTTAGAAAACAGCAACCAGTAAACAGTTAACAGGGTTTTTCTGCTGACTAACTGGTAACTGACCACTGAAAAGGGTAAGGGTGCAAAGGTGCGGTAAGAGCGCACCAGCAGTATCGAG,255,forward,ncr0075,NA
ncr0075,5,"HC, LL",HC,LL,,-2.080111342297777,1.472806138238099,0.13116196047285228,1.8350577944832318,ncRNA,AGAGAGTTAGGGAGGGAGTTGCGGATTCCTGTCACAGGGAATCTGAGGAAAGTCCGGGCTTCCCAAAGGCCAAACTTGCTGGGTAACGCCCAGTGCGCGCGAGCGTGAGGACAGTGCCACAGAAAAATACCGCCCTTTTTAGAAAACAGCAACCAGTAAACAGTTAACAGGGTTTTTCTGCTGACTAACTGGTAACTGACCACTGAAAAGGGTAAGGGTGCAAAGGTGCGGTAAGAGCGCACCAGCAGTATCGAG,255,forward,ncr0075,NA
ncr0075,5,"HC, LL, -N",HC,LL,-N,-2.3359220481852936,1.637674463377663,0.1443370592207697,1.9636278083800593,ncRNA,AGAGAGTTAGGGAGGGAGTTGCGGATTCCTGTCACAGGGAATCTGAGGAAAGTCCGGGCTTCCCAAAGGCCAAACTTGCTGGGTAACGCCCAGTGCGCGCGAGCGTGAGGACAGTGCCACAGAAAAATACCGCCCTTTTTAGAAAACAGCAACCAGTAAACAGTTAACAGGGTTTTTCTGCTGACTAACTGGTAACTGACCACTGAAAAGGGTAAGGGTGCAAAGGTGCGGTAAGAGCGCACCAGCAGTATCGAG,255,forward,ncr0075,NA
ncr0075,5,"HC, LL, +FL",HC,LL,+FL,-2.8442167819174182,1.7151891235127448,0.018866712113175307,4.904293740784791,ncRNA,AGAGAGTTAGGGAGGGAGTTGCGGATTCCTGTCACAGGGAATCTGAGGAAAGTCCGGGCTTCCCAAAGGCCAAACTTGCTGGGTAACGCCCAGTGCGCGCGAGCGTGAGGACAGTGCCACAGAAAAATACCGCCCTTTTTAGAAAACAGCAACCAGTAAACAGTTAACAGGGTTTTTCTGCTGACTAACTGGTAACTGACCACTGAAAAGGGTAAGGGTGCAAAGGTGCGGTAAGAGCGCACCAGCAGTATCGAG,255,forward,ncr0075,NA
ncr0075,5,"HC, LL, +G",HC,LL,+G,-2.979020588940594,1.7410071798896003,0.09624081411418588,3.028593612294475,ncRNA,AGAGAGTTAGGGAGGGAGTTGCGGATTCCTGTCACAGGGAATCTGAGGAAAGTCCGGGCTTCCCAAAGGCCAAACTTGCTGGGTAACGCCCAGTGCGCGCGAGCGTGAGGACAGTGCCACAGAAAAATACCGCCCTTTTTAGAAAACAGCAACCAGTAAACAGTTAACAGGGTTTTTCTGCTGACTAACTGGTAACTGACCACTGAAAAGGGTAAGGGTGCAAAGGTGCGGTAAGAGCGCACCAGCAGTATCGAG,255,forward,ncr0075,NA
ncr0075,5,"LC, IL",LC,IL,,-2.4718406912633824,1.9652135630056875,0.6256020485623845,0.5035184916304378,ncRNA,AGAGAGTTAGGGAGGGAGTTGCGGATTCCTGTCACAGGGAATCTGAGGAAAGTCCGGGCTTCCCAAAGGCCAAACTTGCTGGGTAACGCCCAGTGCGCGCGAGCGTGAGGACAGTGCCACAGAAAAATACCGCCCTTTTTAGAAAACAGCAACCAGTAAACAGTTAACAGGGTTTTTCTGCTGACTAACTGGTAACTGACCACTGAAAAGGGTAAGGGTGCAAAGGTGCGGTAAGAGCGCACCAGCAGTATCGAG,255,forward,ncr0075,NA
ncr0075,5,"LC, LL",LC,LL,,-2.5644356601473506,1.4383938618413497,0.0201070883058275,4.35095185215566,ncRNA,AGAGAGTTAGGGAGGGAGTTGCGGATTCCTGTCACAGGGAATCTGAGGAAAGTCCGGGCTTCCCAAAGGCCAAACTTGCTGGGTAACGCCCAGTGCGCGCGAGCGTGAGGACAGTGCCACAGAAAAATACCGCCCTTTTTAGAAAACAGCAACCAGTAAACAGTTAACAGGGTTTTTCTGCTGACTAACTGGTAACTGACCACTGAAAAGGGTAAGGGTGCAAAGGTGCGGTAAGAGCGCACCAGCAGTATCGAG,255,forward,ncr0075,NA
ncr0075,5,"LC, LL, +D, +G",LC,LL,"+D, +G",-3.055114849863322,1.822010867032722,0.09079206796237133,3.1832833088237216,ncRNA,AGAGAGTTAGGGAGGGAGTTGCGGATTCCTGTCACAGGGAATCTGAGGAAAGTCCGGGCTTCCCAAAGGCCAAACTTGCTGGGTAACGCCCAGTGCGCGCGAGCGTGAGGACAGTGCCACAGAAAAATACCGCCCTTTTTAGAAAACAGCAACCAGTAAACAGTTAACAGGGTTTTTCTGCTGACTAACTGGTAACTGACCACTGAAAAGGGTAAGGGTGCAAAGGTGCGGTAAGAGCGCACCAGCAGTATCGAG,255,forward,ncr0075,NA
ncr0075,5,"LC, LL, +FL",LC,LL,+FL,-1.8849538244666673,1.6868460092994013,0.6374121954620252,0.36865857443199046,ncRNA,AGAGAGTTAGGGAGGGAGTTGCGGATTCCTGTCACAGGGAATCTGAGGAAAGTCCGGGCTTCCCAAAGGCCAAACTTGCTGGGTAACGCCCAGTGCGCGCGAGCGTGAGGACAGTGCCACAGAAAAATACCGCCCTTTTTAGAAAACAGCAACCAGTAAACAGTTAACAGGGTTTTTCTGCTGACTAACTGGTAACTGACCACTGAAAAGGGTAAGGGTGCAAAGGTGCGGTAAGAGCGCACCAGCAGTATCGAG,255,forward,ncr0075,NA
ncr0075,5,"LC, LL, +G",LC,LL,+G,-2.1635697220850387,1.2434916888600527,0.08565364498297762,2.309078766750984,ncRNA,AGAGAGTTAGGGAGGGAGTTGCGGATTCCTGTCACAGGGAATCTGAGGAAAGTCCGGGCTTCCCAAAGGCCAAACTTGCTGGGTAACGCCCAGTGCGCGCGAGCGTGAGGACAGTGCCACAGAAAAATACCGCCCTTTTTAGAAAACAGCAACCAGTAAACAGTTAACAGGGTTTTTCTGCTGACTAACTGGTAACTGACCACTGAAAAGGGTAAGGGTGCAAAGGTGCGGTAAGAGCGCACCAGCAGTATCGAG,255,forward,ncr0075,NA
ncr0200,5,"HC, HL",HC,HL,,-1.7569875137916864,0.718099041930701,0.004020937266418331,4.209167025582078,ncRNA,AAGCAGATGGGACTGTCCTAGGCTATTACATAACCTGTGGTCTGCCTGAATTTGTCTACGGGACTTCAGTCCTAGAATGGTTGCAAAGTTTTAGTTGCTCGGACTGGGCTCCATTGTTGCCCCTGGCCGAAACCGCCGATGTTTGGGTGTGTGGAATAAAAAGTTAGTCCTCCTATCCATTGTCATTCAGCGACGACGGAGTTGGACGGATTGTTGCAATGGCCGTAGTGAGAATTTTGGCTGAGCTTAGCTAGCCAACCCGAAATAGAGT,271,forward,ncr0200,NA
ncr0200,5,"HC, IL",HC,IL,,-0.4102004874408446,0.15813283265931458,0.022924355138007748,0.6726069174295315,ncRNA,AAGCAGATGGGACTGTCCTAGGCTATTACATAACCTGTGGTCTGCCTGAATTTGTCTACGGGACTTCAGTCCTAGAATGGTTGCAAAGTTTTAGTTGCTCGGACTGGGCTCCATTGTTGCCCCTGGCCGAAACCGCCGATGTTTGGGTGTGTGGAATAAAAAGTTAGTCCTCCTATCCATTGTCATTCAGCGACGACGGAGTTGGACGGATTGTTGCAATGGCCGTAGTGAGAATTTTGGCTGAGCTTAGCTAGCCAACCCGAAATAGAGT,271,forward,ncr0200,NA
ncr0200,5,"HC, LL",HC,LL,,-1.1643733130076588,0.26638434714999865,0.004994489800251111,2.6798155072386143,ncRNA,AAGCAGATGGGACTGTCCTAGGCTATTACATAACCTGTGGTCTGCCTGAATTTGTCTACGGGACTTCAGTCCTAGAATGGTTGCAAAGTTTTAGTTGCTCGGACTGGGCTCCATTGTTGCCCCTGGCCGAAACCGCCGATGTTTGGGTGTGTGGAATAAAAAGTTAGTCCTCCTATCCATTGTCATTCAGCGACGACGGAGTTGGACGGATTGTTGCAATGGCCGTAGTGAGAATTTTGGCTGAGCTTAGCTAGCCAACCCGAAATAGAGT,271,forward,ncr0200,NA
ncr0200,5,"HC, LL, -N",HC,LL,-N,-1.2376193710326004,0.30663252846413186,0.004697199786159316,2.881377112336536,ncRNA,AAGCAGATGGGACTGTCCTAGGCTATTACATAACCTGTGGTCTGCCTGAATTTGTCTACGGGACTTCAGTCCTAGAATGGTTGCAAAGTTTTAGTTGCTCGGACTGGGCTCCATTGTTGCCCCTGGCCGAAACCGCCGATGTTTGGGTGTGTGGAATAAAAAGTTAGTCCTCCTATCCATTGTCATTCAGCGACGACGGAGTTGGACGGATTGTTGCAATGGCCGTAGTGAGAATTTTGGCTGAGCTTAGCTAGCCAACCCGAAATAGAGT,271,forward,ncr0200,NA
ncr0200,5,"HC, LL, +FL",HC,LL,+FL,-0.7775143090037018,0.27657384592241946,0.007929686708614051,1.6333584968046921,ncRNA,AAGCAGATGGGACTGTCCTAGGCTATTACATAACCTGTGGTCTGCCTGAATTTGTCTACGGGACTTCAGTCCTAGAATGGTTGCAAAGTTTTAGTTGCTCGGACTGGGCTCCATTGTTGCCCCTGGCCGAAACCGCCGATGTTTGGGTGTGTGGAATAAAAAGTTAGTCCTCCTATCCATTGTCATTCAGCGACGACGGAGTTGGACGGATTGTTGCAATGGCCGTAGTGAGAATTTTGGCTGAGCTTAGCTAGCCAACCCGAAATAGAGT,271,forward,ncr0200,NA
ncr0200,5,"HC, LL, +G",HC,LL,+G,-0.9144285197104629,0.2943772933040882,0.0059223477118494254,2.0368951038182552,ncRNA,AAGCAGATGGGACTGTCCTAGGCTATTACATAACCTGTGGTCTGCCTGAATTTGTCTACGGGACTTCAGTCCTAGAATGGTTGCAAAGTTTTAGTTGCTCGGACTGGGCTCCATTGTTGCCCCTGGCCGAAACCGCCGATGTTTGGGTGTGTGGAATAAAAAGTTAGTCCTCCTATCCATTGTCATTCAGCGACGACGGAGTTGGACGGATTGTTGCAATGGCCGTAGTGAGAATTTTGGCTGAGCTTAGCTAGCCAACCCGAAATAGAGT,271,forward,ncr0200,NA
ncr0200,5,"LC, IL",LC,IL,,-1.0470476403774347,0.45732868453887726,0.006084434767218345,2.3200269700552156,ncRNA,AAGCAGATGGGACTGTCCTAGGCTATTACATAACCTGTGGTCTGCCTGAATTTGTCTACGGGACTTCAGTCCTAGAATGGTTGCAAAGTTTTAGTTGCTCGGACTGGGCTCCATTGTTGCCCCTGGCCGAAACCGCCGATGTTTGGGTGTGTGGAATAAAAAGTTAGTCCTCCTATCCATTGTCATTCAGCGACGACGGAGTTGGACGGATTGTTGCAATGGCCGTAGTGAGAATTTTGGCTGAGCTTAGCTAGCCAACCCGAAATAGAGT,271,forward,ncr0200,NA
ncr0200,5,"LC, LL",LC,LL,,-2.555998093966667,0.9234285496947399,0.004453316100481262,6.009960433913125,ncRNA,AAGCAGATGGGACTGTCCTAGGCTATTACATAACCTGTGGTCTGCCTGAATTTGTCTACGGGACTTCAGTCCTAGAATGGTTGCAAAGTTTTAGTTGCTCGGACTGGGCTCCATTGTTGCCCCTGGCCGAAACCGCCGATGTTTGGGTGTGTGGAATAAAAAGTTAGTCCTCCTATCCATTGTCATTCAGCGACGACGGAGTTGGACGGATTGTTGCAATGGCCGTAGTGAGAATTTTGGCTGAGCTTAGCTAGCCAACCCGAAATAGAGT,271,forward,ncr0200,NA
ncr0200,5,"LC, LL, +D, +G",LC,LL,"+D, +G",-0.09312049095028822,0.1939353333929565,0.6599016519101838,0.01681018407763631,ncRNA,AAGCAGATGGGACTGTCCTAGGCTATTACATAACCTGTGGTCTGCCTGAATTTGTCTACGGGACTTCAGTCCTAGAATGGTTGCAAAGTTTTAGTTGCTCGGACTGGGCTCCATTGTTGCCCCTGGCCGAAACCGCCGATGTTTGGGTGTGTGGAATAAAAAGTTAGTCCTCCTATCCATTGTCATTCAGCGACGACGGAGTTGGACGGATTGTTGCAATGGCCGTAGTGAGAATTTTGGCTGAGCTTAGCTAGCCAACCCGAAATAGAGT,271,forward,ncr0200,NA
ncr0200,5,"LC, LL, +FL",LC,LL,+FL,-2.0257886425730445,0.35144243717483287,0.004700433867676903,4.715756508858237,ncRNA,AAGCAGATGGGACTGTCCTAGGCTATTACATAACCTGTGGTCTGCCTGAATTTGTCTACGGGACTTCAGTCCTAGAATGGTTGCAAAGTTTTAGTTGCTCGGACTGGGCTCCATTGTTGCCCCTGGCCGAAACCGCCGATGTTTGGGTGTGTGGAATAAAAAGTTAGTCCTCCTATCCATTGTCATTCAGCGACGACGGAGTTGGACGGATTGTTGCAATGGCCGTAGTGAGAATTTTGGCTGAGCTTAGCTAGCCAACCCGAAATAGAGT,271,forward,ncr0200,NA
ncr0200,5,"LC, LL, +G",LC,LL,+G,-0.9404673598602579,0.2953016258366493,0.005309797298269375,2.13948994159815,ncRNA,AAGCAGATGGGACTGTCCTAGGCTATTACATAACCTGTGGTCTGCCTGAATTTGTCTACGGGACTTCAGTCCTAGAATGGTTGCAAAGTTTTAGTTGCTCGGACTGGGCTCCATTGTTGCCCCTGGCCGAAACCGCCGATGTTTGGGTGTGTGGAATAAAAAGTTAGTCCTCCTATCCATTGTCATTCAGCGACGACGGAGTTGGACGGATTGTTGCAATGGCCGTAGTGAGAATTTTGGCTGAGCTTAGCTAGCCAACCCGAAATAGAGT,271,forward,ncr0200,NA
ncr0290,5,"HC, HL",HC,HL,,0.9754610765903035,0.5142449150339472,0.14365070517392162,0.8220134774577443,ncRNA,GTCCAAAGTAATGACCCTAGAGTTATTGTTACTGATCTCCATTAACTTTCGTTAACTACCCGGGGATTTATGAGAGATATTACCTAAATAAATCCAGGGAGAAACACGGAGGCAGCGACAAGGGCCACC,129,forward,ncr0290,NA
ncr0290,5,"HC, IL",HC,IL,,-1.2836514933877987,0.7940287336759921,0.1660998040201973,1.0007743433632152,ncRNA,GTCCAAAGTAATGACCCTAGAGTTATTGTTACTGATCTCCATTAACTTTCGTTAACTACCCGGGGATTTATGAGAGATATTACCTAAATAAATCCAGGGAGAAACACGGAGGCAGCGACAAGGGCCACC,129,forward,ncr0290,NA
ncr0290,5,"HC, LL",HC,LL,,-2.519091921400071,1.39446835287834,0.022400588255147205,4.1558481590162195,ncRNA,GTCCAAAGTAATGACCCTAGAGTTATTGTTACTGATCTCCATTAACTTTCGTTAACTACCCGGGGATTTATGAGAGATATTACCTAAATAAATCCAGGGAGAAACACGGAGGCAGCGACAAGGGCCACC,129,forward,ncr0290,NA
ncr0290,5,"HC, LL, -N",HC,LL,-N,-1.8660814975193802,1.1566295071536152,0.3415101337651876,0.8707069178052602,ncRNA,GTCCAAAGTAATGACCCTAGAGTTATTGTTACTGATCTCCATTAACTTTCGTTAACTACCCGGGGATTTATGAGAGATATTACCTAAATAAATCCAGGGAGAAACACGGAGGCAGCGACAAGGGCCACC,129,forward,ncr0290,NA
ncr0290,5,"HC, LL, +FL",HC,LL,+FL,-1.8171969399899952,1.1727949362265664,0.6829485375425186,0.30094965711061755,ncRNA,GTCCAAAGTAATGACCCTAGAGTTATTGTTACTGATCTCCATTAACTTTCGTTAACTACCCGGGGATTTATGAGAGATATTACCTAAATAAATCCAGGGAGAAACACGGAGGCAGCGACAAGGGCCACC,129,forward,ncr0290,NA
ncr0290,5,"HC, LL, +G",HC,LL,+G,-0.3351953021557537,0.2387626003041254,0.4604687251843792,0.11289373135458032,ncRNA,GTCCAAAGTAATGACCCTAGAGTTATTGTTACTGATCTCCATTAACTTTCGTTAACTACCCGGGGATTTATGAGAGATATTACCTAAATAAATCCAGGGAGAAACACGGAGGCAGCGACAAGGGCCACC,129,forward,ncr0290,NA
ncr0290,5,"LC, IL",LC,IL,,-1.459168733112291,0.7522254818118344,0.033108736303301696,2.1596534741642137,ncRNA,GTCCAAAGTAATGACCCTAGAGTTATTGTTACTGATCTCCATTAACTTTCGTTAACTACCCGGGGATTTATGAGAGATATTACCTAAATAAATCCAGGGAGAAACACGGAGGCAGCGACAAGGGCCACC,129,forward,ncr0290,NA
ncr0290,5,"LC, LL",LC,LL,,-1.67411433149348,1.1190966376626348,0.6304840708257309,0.3353684290181182,ncRNA,GTCCAAAGTAATGACCCTAGAGTTATTGTTACTGATCTCCATTAACTTTCGTTAACTACCCGGGGATTTATGAGAGATATTACCTAAATAAATCCAGGGAGAAACACGGAGGCAGCGACAAGGGCCACC,129,forward,ncr0290,NA
ncr0290,5,"LC, LL, +D, +G",LC,LL,"+D, +G",0.6492363287139993,0.3648253677020067,0.5643948009842686,0.16128133813200268,ncRNA,GTCCAAAGTAATGACCCTAGAGTTATTGTTACTGATCTCCATTAACTTTCGTTAACTACCCGGGGATTTATGAGAGATATTACCTAAATAAATCCAGGGAGAAACACGGAGGCAGCGACAAGGGCCACC,129,forward,ncr0290,NA
ncr0290,5,"LC, LL, +FL",LC,LL,+FL,-1.676023716651502,0.7003242399577481,0.009517888672167176,3.3880138619833895,ncRNA,GTCCAAAGTAATGACCCTAGAGTTATTGTTACTGATCTCCATTAACTTTCGTTAACTACCCGGGGATTTATGAGAGATATTACCTAAATAAATCCAGGGAGAAACACGGAGGCAGCGACAAGGGCCACC,129,forward,ncr0290,NA
ncr0290,5,"LC, LL, +G",LC,LL,+G,-0.07477189543318054,0.2362007354848299,0.9511153619031733,0.0016275451760189921,ncRNA,GTCCAAAGTAATGACCCTAGAGTTATTGTTACTGATCTCCATTAACTTTCGTTAACTACCCGGGGATTTATGAGAGATATTACCTAAATAAATCCAGGGAGAAACACGGAGGCAGCGACAAGGGCCACC,129,forward,ncr0290,NA
ncr0650,2,"HC, HL",HC,HL,,-4.528466498885475,2.362789450769895,0.08849217875723325,4.768905935032643,ncRNA,ATAACTGTGCGGCGACACACTGTGTT,26,forward,ncr0650,NA
ncr0650,2,"HC, IL",HC,IL,,-3.687552982987925,1.9709583244449052,0.09212486261426253,3.818915224216864,ncRNA,ATAACTGTGCGGCGACACACTGTGTT,26,forward,ncr0650,NA
ncr0650,2,"HC, LL",HC,LL,,-2.6515457159089646,1.9290634630388952,0.16601790351627724,2.0677948669908153,ncRNA,ATAACTGTGCGGCGACACACTGTGTT,26,forward,ncr0650,NA
ncr0650,2,"HC, LL, -N",HC,LL,-N,-2.933636226899329,1.9577515243040757,0.11644966758648728,2.7396106514767884,ncRNA,ATAACTGTGCGGCGACACACTGTGTT,26,forward,ncr0650,NA
ncr0650,2,"HC, LL, +FL",HC,LL,+FL,-3.3388214253120005,2.1176934136426766,0.1166970297640531,3.1149207206560052,ncRNA,ATAACTGTGCGGCGACACACTGTGTT,26,forward,ncr0650,NA
ncr0650,2,"HC, LL, +G",HC,LL,+G,-3.6353754000404894,2.31855548474193,0.09624081411418588,3.6958706347076733,ncRNA,ATAACTGTGCGGCGACACACTGTGTT,26,forward,ncr0650,NA
ncr0650,2,"LC, IL",LC,IL,,-3.3783294642868493,2.6560992662739853,0.18818268718627132,2.450708888947338,ncRNA,ATAACTGTGCGGCGACACACTGTGTT,26,forward,ncr0650,NA
ncr0650,2,"LC, LL",LC,LL,,-3.4108497331457133,2.276384205878111,0.10321791781397319,3.3639331747129564,ncRNA,ATAACTGTGCGGCGACACACTGTGTT,26,forward,ncr0650,NA
ncr0650,2,"LC, LL, +D, +G",LC,LL,"+D, +G",-3.453187759567974,2.2666642967752444,0.10535188411876614,3.374999622327178,ncRNA,ATAACTGTGCGGCGACACACTGTGTT,26,forward,ncr0650,NA
ncr0650,2,"LC, LL, +FL",LC,LL,+FL,-3.2674037292289024,2.590263407629754,0.22066222639860153,2.1443055941332023,ncRNA,ATAACTGTGCGGCGACACACTGTGTT,26,forward,ncr0650,NA
ncr0650,2,"LC, LL, +G",LC,LL,+G,-3.1123088628259072,1.6300472640688288,0.08574229444536813,3.3202263421973393,ncRNA,ATAACTGTGCGGCGACACACTGTGTT,26,forward,ncr0650,NA
ncr0840,2,"HC, HL",HC,HL,,-2.198500894087732,0.6916888235374502,0.08849217875723325,2.3152305453888062,ncRNA,AATTGGCAGAATGCCCCCAGGCGATCGCCCACAAGTCCGGTAAGCTTGACCCAGGTGTAATCCCTTGGGGTGCAAC,76,forward,ncr0840,NA
ncr0840,2,"HC, IL",HC,IL,,-2.000737078870057,1.3003621091654156,0.11442471116928274,1.8836542954334452,ncRNA,AATTGGCAGAATGCCCCCAGGCGATCGCCCACAAGTCCGGTAAGCTTGACCCAGGTGTAATCCCTTGGGGTGCAAC,76,forward,ncr0840,NA
ncr0840,2,"HC, LL",HC,LL,,-2.2033203486381883,1.638005202365503,0.13485523168723193,1.917179983364816,ncRNA,AATTGGCAGAATGCCCCCAGGCGATCGCCCACAAGTCCGGTAAGCTTGACCCAGGTGTAATCCCTTGGGGTGCAAC,76,forward,ncr0840,NA
ncr0840,2,"HC, LL, -N",HC,LL,-N,-2.897305927850457,2.6635490759682843,0.23168931021635872,1.840061620845972,ncRNA,AATTGGCAGAATGCCCCCAGGCGATCGCCCACAAGTCCGGTAAGCTTGACCCAGGTGTAATCCCTTGGGGTGCAAC,76,forward,ncr0840,NA
ncr0840,2,"HC, LL, +FL",HC,LL,+FL,-3.0271444852816103,2.2641194989109925,0.1166970297640531,2.8241447746017476,ncRNA,AATTGGCAGAATGCCCCCAGGCGATCGCCCACAAGTCCGGTAAGCTTGACCCAGGTGTAATCCCTTGGGGTGCAAC,76,forward,ncr0840,NA
ncr0840,2,"HC, LL, +G",HC,LL,+G,-3.612537163780632,1.290674295058315,0.08175744049020521,3.9285355905986927,ncRNA,AATTGGCAGAATGCCCCCAGGCGATCGCCCACAAGTCCGGTAAGCTTGACCCAGGTGTAATCCCTTGGGGTGCAAC,76,forward,ncr0840,NA
ncr0840,2,"LC, IL",LC,IL,,-4.038199336091579,1.593807523454829,0.09523205023114731,4.123877269208511,ncRNA,AATTGGCAGAATGCCCCCAGGCGATCGCCCACAAGTCCGGTAAGCTTGACCCAGGTGTAATCCCTTGGGGTGCAAC,76,forward,ncr0840,NA
ncr0840,2,"LC, LL",LC,LL,,-3.4011300075098037,1.9078303300010326,0.08622547335873854,3.620041743209756,ncRNA,AATTGGCAGAATGCCCCCAGGCGATCGCCCACAAGTCCGGTAAGCTTGACCCAGGTGTAATCCCTTGGGGTGCAAC,76,forward,ncr0840,NA
ncr0840,2,"LC, LL, +D, +G",LC,LL,"+D, +G",-4.123946992835078,0.6618118338522887,0.08574236854009336,4.39944530764044,ncRNA,AATTGGCAGAATGCCCCCAGGCGATCGCCCACAAGTCCGGTAAGCTTGACCCAGGTGTAATCCCTTGGGGTGCAAC,76,forward,ncr0840,NA
ncr0840,2,"LC, LL, +FL",LC,LL,+FL,-4.581353318452001,2.3218263811329423,0.09519916515625433,4.6792424539674595,ncRNA,AATTGGCAGAATGCCCCCAGGCGATCGCCCACAAGTCCGGTAAGCTTGACCCAGGTGTAATCCCTTGGGGTGCAAC,76,forward,ncr0840,NA
ncr0840,2,"LC, LL, +G",LC,LL,+G,-2.838258847398798,0.9404424583126425,0.08574229444536813,3.0278684431569145,ncRNA,AATTGGCAGAATGCCCCCAGGCGATCGCCCACAAGTCCGGTAAGCTTGACCCAGGTGTAATCCCTTGGGGTGCAAC,76,forward,ncr0840,NA
ncr0970,4,"HC, HL",HC,HL,,-1.7921392243983656,1.1088795729068213,0.21458406235680455,1.1978704046120847,ncRNA,ACTAAATATCCGCTTCTGACCCCACTGCTCCTCCCGGCCACGGCGATCGCCTGACGATGGTAGGCTTGATAATACTG,77,forward,ncr0970,NA
ncr0970,4,"HC, IL",HC,IL,,-3.559616601972567,2.031391878989464,0.04393885350290173,4.830938225253834,ncRNA,ACTAAATATCCGCTTCTGACCCCACTGCTCCTCCCGGCCACGGCGATCGCCTGACGATGGTAGGCTTGATAATACTG,77,forward,ncr0970,NA
ncr0970,4,"HC, LL",HC,LL,,-3.321949636070999,1.9203835320589722,0.031608057037429665,4.9835961511005,ncRNA,ACTAAATATCCGCTTCTGACCCCACTGCTCCTCCCGGCCACGGCGATCGCCTGACGATGGTAGGCTTGATAATACTG,77,forward,ncr0970,NA
ncr0970,4,"HC, LL, -N",HC,LL,-N,-3.2553352636406303,2.087251312836475,0.5420559409176541,0.8657755917225759,ncRNA,ACTAAATATCCGCTTCTGACCCCACTGCTCCTCCCGGCCACGGCGATCGCCTGACGATGGTAGGCTTGATAATACTG,77,forward,ncr0970,NA
ncr0970,4,"HC, LL, +FL",HC,LL,+FL,-3.5478784685440505,2.1198990793983556,0.21335583393127808,2.380255619045144,ncRNA,ACTAAATATCCGCTTCTGACCCCACTGCTCCTCCCGGCCACGGCGATCGCCTGACGATGGTAGGCTTGATAATACTG,77,forward,ncr0970,NA
ncr0970,4,"HC, LL, +G",HC,LL,+G,-1.8852447664582077,1.830941343690327,0.6518311919139934,0.35040075682516425,ncRNA,ACTAAATATCCGCTTCTGACCCCACTGCTCCTCCCGGCCACGGCGATCGCCTGACGATGGTAGGCTTGATAATACTG,77,forward,ncr0970,NA
ncr0970,4,"LC, IL",LC,IL,,-1.1503434249107964,1.288647542235915,0.8714778142872791,0.06872573163541404,ncRNA,ACTAAATATCCGCTTCTGACCCCACTGCTCCTCCCGGCCACGGCGATCGCCTGACGATGGTAGGCTTGATAATACTG,77,forward,ncr0970,NA
ncr0970,4,"LC, LL",LC,LL,,-3.6639716687996198,2.402255508030003,0.7750552162778039,0.4054820588748727,ncRNA,ACTAAATATCCGCTTCTGACCCCACTGCTCCTCCCGGCCACGGCGATCGCCTGACGATGGTAGGCTTGATAATACTG,77,forward,ncr0970,NA
ncr0970,4,"LC, LL, +D, +G",LC,LL,"+D, +G",-4.185996901069579,2.2582169898711273,0.11871931984418056,3.8740505523511697,ncRNA,ACTAAATATCCGCTTCTGACCCCACTGCTCCTCCCGGCCACGGCGATCGCCTGACGATGGTAGGCTTGATAATACTG,77,forward,ncr0970,NA
ncr0970,4,"LC, LL, +FL",LC,LL,+FL,-0.8685815260734516,0.9626608615578133,0.9660830622888625,0.013016156278526387,ncRNA,ACTAAATATCCGCTTCTGACCCCACTGCTCCTCCCGGCCACGGCGATCGCCTGACGATGGTAGGCTTGATAATACTG,77,forward,ncr0970,NA
ncr0970,4,"LC, LL, +G",LC,LL,+G,-1.2540301268515002,1.1620269721870506,0.4849745463076764,0.3941179107285614,ncRNA,ACTAAATATCCGCTTCTGACCCCACTGCTCCTCCCGGCCACGGCGATCGCCTGACGATGGTAGGCTTGATAATACTG,77,forward,ncr0970,NA
ncr1080,2,"HC, HL",HC,HL,,-3.2577710382039253,2.714382564568639,0.2786359694024496,1.8079418047973763,ncRNA,AGCAGTCTTCATTCTTCATTAGGTATATTGGCTCAGTCAGATTCAGTCGTGGAATTTAATCTCCCATTAAACCTGAAATGACTGGGGCGGTCTAACAATCTAGTTCTAGGTTTTAGGCTCATTCACACACAAGGAGGTT,139,forward,ncr1080,SyR47
ncr1080,2,"HC, IL",HC,IL,,-2.5835292687556985,1.7009923251988743,0.11991156473561354,2.379789385831358,ncRNA,AGCAGTCTTCATTCTTCATTAGGTATATTGGCTCAGTCAGATTCAGTCGTGGAATTTAATCTCCCATTAAACCTGAAATGACTGGGGCGGTCTAACAATCTAGTTCTAGGTTTTAGGCTCATTCACACACAAGGAGGTT,139,forward,ncr1080,SyR47
ncr1080,2,"HC, LL",HC,LL,,-4.2705785324455166,1.955195022279526,0.09528000226224605,4.360253170592138,ncRNA,AGCAGTCTTCATTCTTCATTAGGTATATTGGCTCAGTCAGATTCAGTCGTGGAATTTAATCTCCCATTAAACCTGAAATGACTGGGGCGGTCTAACAATCTAGTTCTAGGTTTTAGGCTCATTCACACACAAGGAGGTT,139,forward,ncr1080,SyR47
ncr1080,2,"HC, LL, -N",HC,LL,-N,-3.6145093157150074,2.571476550876386,0.12233652332050476,3.2980368532543207,ncRNA,AGCAGTCTTCATTCTTCATTAGGTATATTGGCTCAGTCAGATTCAGTCGTGGAATTTAATCTCCCATTAAACCTGAAATGACTGGGGCGGTCTAACAATCTAGTTCTAGGTTTTAGGCTCATTCACACACAAGGAGGTT,139,forward,ncr1080,SyR47
ncr1080,2,"HC, LL, +FL",HC,LL,+FL,-3.584485848064044,2.119665634374916,0.0967033174353678,3.636671040739358,ncRNA,AGCAGTCTTCATTCTTCATTAGGTATATTGGCTCAGTCAGATTCAGTCGTGGAATTTAATCTCCCATTAAACCTGAAATGACTGGGGCGGTCTAACAATCTAGTTCTAGGTTTTAGGCTCATTCACACACAAGGAGGTT,139,forward,ncr1080,SyR47
ncr1080,2,"HC, LL, +G",HC,LL,+G,-5.827829404611803,3.452262603895365,0.08447283512986582,6.254909816072403,ncRNA,AGCAGTCTTCATTCTTCATTAGGTATATTGGCTCAGTCAGATTCAGTCGTGGAATTTAATCTCCCATTAAACCTGAAATGACTGGGGCGGTCTAACAATCTAGTTCTAGGTTTTAGGCTCATTCACACACAAGGAGGTT,139,forward,ncr1080,SyR47
ncr1080,2,"LC, IL",LC,IL,,-5.357944764495919,3.5582282370764857,0.09889078965702564,5.383899480442465,ncRNA,AGCAGTCTTCATTCTTCATTAGGTATATTGGCTCAGTCAGATTCAGTCGTGGAATTTAATCTCCCATTAAACCTGAAATGACTGGGGCGGTCTAACAATCTAGTTCTAGGTTTTAGGCTCATTCACACACAAGGAGGTT,139,forward,ncr1080,SyR47
ncr1080,2,"LC, LL",LC,LL,,-4.5455748022984706,3.420130195409984,0.12238059883788113,4.146870736198377,ncRNA,AGCAGTCTTCATTCTTCATTAGGTATATTGGCTCAGTCAGATTCAGTCGTGGAATTTAATCTCCCATTAAACCTGAAATGACTGGGGCGGTCTAACAATCTAGTTCTAGGTTTTAGGCTCATTCACACACAAGGAGGTT,139,forward,ncr1080,SyR47
ncr1080,2,"LC, LL, +D, +G",LC,LL,"+D, +G",-5.48982865862871,3.151713880784977,0.08898341210481504,5.768113261616107,ncRNA,AGCAGTCTTCATTCTTCATTAGGTATATTGGCTCAGTCAGATTCAGTCGTGGAATTTAATCTCCCATTAAACCTGAAATGACTGGGGCGGTCTAACAATCTAGTTCTAGGTTTTAGGCTCATTCACACACAAGGAGGTT,139,forward,ncr1080,SyR47
ncr1080,2,"LC, LL, +FL",LC,LL,+FL,-6.866245568781593,4.285123077482677,0.09519916515625433,7.012955677399015,ncRNA,AGCAGTCTTCATTCTTCATTAGGTATATTGGCTCAGTCAGATTCAGTCGTGGAATTTAATCTCCCATTAAACCTGAAATGACTGGGGCGGTCTAACAATCTAGTTCTAGGTTTTAGGCTCATTCACACACAAGGAGGTT,139,forward,ncr1080,SyR47
ncr1080,2,"LC, LL, +G",LC,LL,+G,-4.573192528820044,3.2116201070043426,0.10419783475524508,4.491521281195515,ncRNA,AGCAGTCTTCATTCTTCATTAGGTATATTGGCTCAGTCAGATTCAGTCGTGGAATTTAATCTCCCATTAAACCTGAAATGACTGGGGCGGTCTAACAATCTAGTTCTAGGTTTTAGGCTCATTCACACACAAGGAGGTT,139,forward,ncr1080,SyR47
ncr1525,5,"HC, HL",HC,HL,,-1.768041543319751,1.343284011799324,0.08985389107823419,1.8501902542247006,ncRNA,GGCGGAGACGTAAGTTTCCGTTCACTCCTCACACCACACTCCGCCTGGATGATGTTCGGGCGGTTT,66,forward,ncr1525,Yfr1
ncr1525,5,"HC, IL",HC,IL,,-0.604313367617964,0.617952432367158,0.30623904401534285,0.3105804735179472,ncRNA,GGCGGAGACGTAAGTTTCCGTTCACTCCTCACACCACACTCCGCCTGGATGATGTTCGGGCGGTTT,66,forward,ncr1525,Yfr1
ncr1525,5,"HC, LL",HC,LL,,-2.7064436917560437,1.525630743803052,0.06596931623865508,3.1953844430119935,ncRNA,GGCGGAGACGTAAGTTTCCGTTCACTCCTCACACCACACTCCGCCTGGATGATGTTCGGGCGGTTT,66,forward,ncr1525,Yfr1
ncr1525,5,"HC, LL, -N",HC,LL,-N,-2.94799095187576,1.4107477279222254,0.008156153378452321,6.156922190249042,ncRNA,GGCGGAGACGTAAGTTTCCGTTCACTCCTCACACCACACTCCGCCTGGATGATGTTCGGGCGGTTT,66,forward,ncr1525,Yfr1
ncr1525,5,"HC, LL, +FL",HC,LL,+FL,-1.9494408943322032,1.057512843860474,0.04535591577464653,2.6188127331407114,ncRNA,GGCGGAGACGTAAGTTTCCGTTCACTCCTCACACCACACTCCGCCTGGATGATGTTCGGGCGGTTT,66,forward,ncr1525,Yfr1
ncr1525,5,"HC, LL, +G",HC,LL,+G,-1.8512770234670564,0.8656689401320481,0.0038861357297089037,4.462470006911259,ncRNA,GGCGGAGACGTAAGTTTCCGTTCACTCCTCACACCACACTCCGCCTGGATGATGTTCGGGCGGTTT,66,forward,ncr1525,Yfr1
ncr1525,5,"LC, IL",LC,IL,,-4.664003399391205,1.775370082807638,0.0046234741971317795,10.890595141717174,ncRNA,GGCGGAGACGTAAGTTTCCGTTCACTCCTCACACCACACTCCGCCTGGATGATGTTCGGGCGGTTT,66,forward,ncr1525,Yfr1
ncr1525,5,"LC, LL",LC,LL,,-5.098250117537302,2.7061677616253177,0.004463249029571361,11.982666457642512,ncRNA,GGCGGAGACGTAAGTTTCCGTTCACTCCTCACACCACACTCCGCCTGGATGATGTTCGGGCGGTTT,66,forward,ncr1525,Yfr1
ncr1525,5,"LC, LL, +D, +G",LC,LL,"+D, +G",-2.4363606607672907,1.1584456662205485,0.005360832662922616,5.532409213302571,ncRNA,GGCGGAGACGTAAGTTTCCGTTCACTCCTCACACCACACTCCGCCTGGATGATGTTCGGGCGGTTT,66,forward,ncr1525,Yfr1
ncr1525,5,"LC, LL, +FL",LC,LL,+FL,-6.242010039044035,2.618950185378914,0.004700433867676903,14.530538305611511,ncRNA,GGCGGAGACGTAAGTTTCCGTTCACTCCTCACACCACACTCCGCCTGGATGATGTTCGGGCGGTTT,66,forward,ncr1525,Yfr1
ncr1525,5,"LC, LL, +G",LC,LL,+G,-2.17227086840244,1.315687846325535,0.0038809288563452756,5.237484780926256,ncRNA,GGCGGAGACGTAAGTTTCCGTTCACTCCTCACACCACACTCCGCCTGGATGATGTTCGGGCGGTTT,66,forward,ncr1525,Yfr1
ncr1600,5,"HC, HL",HC,HL,,-0.3269958088542019,0.7519731280189786,0.20343662564968884,0.22614077153647769,ncRNA,AACTTAAGAGCGAAGTAAGTTTTTCGATTCCGTCCAAACCTGAATAGATAATCCATCCCATATGCGAGCTAGTTCATTACACCGATTAGCTAAAGGCTTCAGCGTCTTCTTTCCATTTTCGATACTTTCCGAGCCCAGAATGAGCTAAATTTTTTCTGAATCAGTCTTCGTTTTTACCTTCTGGCATTAGGGCTTGCCCTCTCCCCACCGGCTCCAAAGATTGCAAATACATTCACTCCTTGGGATG,247,forward,ncr1600,NA
ncr1600,5,"HC, IL",HC,IL,,-1.476259171703563,0.8321594719653651,0.011988221337557971,2.8362559174311786,ncRNA,AACTTAAGAGCGAAGTAAGTTTTTCGATTCCGTCCAAACCTGAATAGATAATCCATCCCATATGCGAGCTAGTTCATTACACCGATTAGCTAAAGGCTTCAGCGTCTTCTTTCCATTTTCGATACTTTCCGAGCCCAGAATGAGCTAAATTTTTTCTGAATCAGTCTTCGTTTTTACCTTCTGGCATTAGGGCTTGCCCTCTCCCCACCGGCTCCAAAGATTGCAAATACATTCACTCCTTGGGATG,247,forward,ncr1600,NA
ncr1600,5,"HC, LL",HC,LL,,-2.353595988714125,1.3579439709125105,0.008424156698986768,4.882472657444515,ncRNA,AACTTAAGAGCGAAGTAAGTTTTTCGATTCCGTCCAAACCTGAATAGATAATCCATCCCATATGCGAGCTAGTTCATTACACCGATTAGCTAAAGGCTTCAGCGTCTTCTTTCCATTTTCGATACTTTCCGAGCCCAGAATGAGCTAAATTTTTTCTGAATCAGTCTTCGTTTTTACCTTCTGGCATTAGGGCTTGCCCTCTCCCCACCGGCTCCAAAGATTGCAAATACATTCACTCCTTGGGATG,247,forward,ncr1600,NA
ncr1600,5,"HC, LL, -N",HC,LL,-N,-1.721994824745568,0.9009050493100189,0.011593971635025247,3.333382075783546,ncRNA,AACTTAAGAGCGAAGTAAGTTTTTCGATTCCGTCCAAACCTGAATAGATAATCCATCCCATATGCGAGCTAGTTCATTACACCGATTAGCTAAAGGCTTCAGCGTCTTCTTTCCATTTTCGATACTTTCCGAGCCCAGAATGAGCTAAATTTTTTCTGAATCAGTCTTCGTTTTTACCTTCTGGCATTAGGGCTTGCCCTCTCCCCACCGGCTCCAAAGATTGCAAATACATTCACTCCTTGGGATG,247,forward,ncr1600,NA
ncr1600,5,"HC, LL, +FL",HC,LL,+FL,-2.466750160519989,1.1421356075154825,0.004671615909328382,5.748842334200714,ncRNA,AACTTAAGAGCGAAGTAAGTTTTTCGATTCCGTCCAAACCTGAATAGATAATCCATCCCATATGCGAGCTAGTTCATTACACCGATTAGCTAAAGGCTTCAGCGTCTTCTTTCCATTTTCGATACTTTCCGAGCCCAGAATGAGCTAAATTTTTTCTGAATCAGTCTTCGTTTTTACCTTCTGGCATTAGGGCTTGCCCTCTCCCCACCGGCTCCAAAGATTGCAAATACATTCACTCCTTGGGATG,247,forward,ncr1600,NA
ncr1600,5,"HC, LL, +G",HC,LL,+G,-1.054548189533442,0.6029013889732926,0.020379604676137475,1.7830345551022055,ncRNA,AACTTAAGAGCGAAGTAAGTTTTTCGATTCCGTCCAAACCTGAATAGATAATCCATCCCATATGCGAGCTAGTTCATTACACCGATTAGCTAAAGGCTTCAGCGTCTTCTTTCCATTTTCGATACTTTCCGAGCCCAGAATGAGCTAAATTTTTTCTGAATCAGTCTTCGTTTTTACCTTCTGGCATTAGGGCTTGCCCTCTCCCCACCGGCTCCAAAGATTGCAAATACATTCACTCCTTGGGATG,247,forward,ncr1600,NA
ncr1600,5,"LC, IL",LC,IL,,-1.0610585410494715,0.8741997895214539,0.41201721051090107,0.4085973489787625,ncRNA,AACTTAAGAGCGAAGTAAGTTTTTCGATTCCGTCCAAACCTGAATAGATAATCCATCCCATATGCGAGCTAGTTCATTACACCGATTAGCTAAAGGCTTCAGCGTCTTCTTTCCATTTTCGATACTTTCCGAGCCCAGAATGAGCTAAATTTTTTCTGAATCAGTCTTCGTTTTTACCTTCTGGCATTAGGGCTTGCCCTCTCCCCACCGGCTCCAAAGATTGCAAATACATTCACTCCTTGGGATG,247,forward,ncr1600,NA
ncr1600,5,"LC, LL",LC,LL,,-2.0733810969699995,0.808792075556106,0.004453316100481262,4.875175136721206,ncRNA,AACTTAAGAGCGAAGTAAGTTTTTCGATTCCGTCCAAACCTGAATAGATAATCCATCCCATATGCGAGCTAGTTCATTACACCGATTAGCTAAAGGCTTCAGCGTCTTCTTTCCATTTTCGATACTTTCCGAGCCCAGAATGAGCTAAATTTTTTCTGAATCAGTCTTCGTTTTTACCTTCTGGCATTAGGGCTTGCCCTCTCCCCACCGGCTCCAAAGATTGCAAATACATTCACTCCTTGGGATG,247,forward,ncr1600,NA
ncr1600,5,"LC, LL, +D, +G",LC,LL,"+D, +G",0.003378017303589247,0.29942632262343244,0.4093524525721028,0.0013103417059135197,ncRNA,AACTTAAGAGCGAAGTAAGTTTTTCGATTCCGTCCAAACCTGAATAGATAATCCATCCCATATGCGAGCTAGTTCATTACACCGATTAGCTAAAGGCTTCAGCGTCTTCTTTCCATTTTCGATACTTTCCGAGCCCAGAATGAGCTAAATTTTTTCTGAATCAGTCTTCGTTTTTACCTTCTGGCATTAGGGCTTGCCCTCTCCCCACCGGCTCCAAAGATTGCAAATACATTCACTCCTTGGGATG,247,forward,ncr1600,NA
ncr1600,5,"LC, LL, +FL",LC,LL,+FL,-1.835588929655112,1.245614776964446,0.019045063056706644,3.157612355781481,ncRNA,AACTTAAGAGCGAAGTAAGTTTTTCGATTCCGTCCAAACCTGAATAGATAATCCATCCCATATGCGAGCTAGTTCATTACACCGATTAGCTAAAGGCTTCAGCGTCTTCTTTCCATTTTCGATACTTTCCGAGCCCAGAATGAGCTAAATTTTTTCTGAATCAGTCTTCGTTTTTACCTTCTGGCATTAGGGCTTGCCCTCTCCCCACCGGCTCCAAAGATTGCAAATACATTCACTCCTTGGGATG,247,forward,ncr1600,NA
ncr1600,5,"LC, LL, +G",LC,LL,+G,-0.9747858720616135,0.6274257330909401,0.038810634778639073,1.3754708775550109,ncRNA,AACTTAAGAGCGAAGTAAGTTTTTCGATTCCGTCCAAACCTGAATAGATAATCCATCCCATATGCGAGCTAGTTCATTACACCGATTAGCTAAAGGCTTCAGCGTCTTCTTTCCATTTTCGATACTTTCCGAGCCCAGAATGAGCTAAATTTTTTCTGAATCAGTCTTCGTTTTTACCTTCTGGCATTAGGGCTTGCCCTCTCCCCACCGGCTCCAAAGATTGCAAATACATTCACTCCTTGGGATG,247,forward,ncr1600,NA
ncr1650,4,"HC, HL",HC,HL,,-0.4563495463992385,0.4987907741298134,0.16347634557929064,0.3589394901419508,ncRNA,AGTCTTTTTTCACTGATTCATCAAGCTCTACCGCTGACTAGCCTTCTCTAACACTTTTACGCCTGAATCCTTGCATTCTGTTTTTCCCCAACGAAGAAGTTAGAGAACCCCGAATCAATAGACTGACCGAGCGCA,135,forward,ncr1650,NA
ncr1650,4,"HC, IL",HC,IL,,-2.1399393939726723,0.4437538428897877,0.007772517701009417,4.514070075014355,ncRNA,AGTCTTTTTTCACTGATTCATCAAGCTCTACCGCTGACTAGCCTTCTCTAACACTTTTACGCCTGAATCCTTGCATTCTGTTTTTCCCCAACGAAGAAGTTAGAGAACCCCGAATCAATAGACTGACCGAGCGCA,135,forward,ncr1650,NA
ncr1650,4,"HC, LL",HC,LL,,-1.8796321800359117,0.6858191554418489,0.009263800844786627,3.8216884298191123,ncRNA,AGTCTTTTTTCACTGATTCATCAAGCTCTACCGCTGACTAGCCTTCTCTAACACTTTTACGCCTGAATCCTTGCATTCTGTTTTTCCCCAACGAAGAAGTTAGAGAACCCCGAATCAATAGACTGACCGAGCGCA,135,forward,ncr1650,NA
ncr1650,4,"HC, LL, -N",HC,LL,-N,-2.314218292146684,0.6014761299018851,0.008434008569180432,4.799609966702759,ncRNA,AGTCTTTTTTCACTGATTCATCAAGCTCTACCGCTGACTAGCCTTCTCTAACACTTTTACGCCTGAATCCTTGCATTCTGTTTTTCCCCAACGAAGAAGTTAGAGAACCCCGAATCAATAGACTGACCGAGCGCA,135,forward,ncr1650,NA
ncr1650,4,"HC, LL, +FL",HC,LL,+FL,-2.0684870948740004,0.5490579889628138,0.008668075598720702,4.265380303605049,ncRNA,AGTCTTTTTTCACTGATTCATCAAGCTCTACCGCTGACTAGCCTTCTCTAACACTTTTACGCCTGAATCCTTGCATTCTGTTTTTCCCCAACGAAGAAGTTAGAGAACCCCGAATCAATAGACTGACCGAGCGCA,135,forward,ncr1650,NA
ncr1650,4,"HC, LL, +G",HC,LL,+G,-2.721540573695784,0.6824932746070321,0.007496976497552928,5.783583568217022,ncRNA,AGTCTTTTTTCACTGATTCATCAAGCTCTACCGCTGACTAGCCTTCTCTAACACTTTTACGCCTGAATCCTTGCATTCTGTTTTTCCCCAACGAAGAAGTTAGAGAACCCCGAATCAATAGACTGACCGAGCGCA,135,forward,ncr1650,NA
ncr1650,4,"LC, IL",LC,IL,,-5.3757474650539105,0.33605906738186814,0.008527520584863906,11.123374214307969,ncRNA,AGTCTTTTTTCACTGATTCATCAAGCTCTACCGCTGACTAGCCTTCTCTAACACTTTTACGCCTGAATCCTTGCATTCTGTTTTTCCCCAACGAAGAAGTTAGAGAACCCCGAATCAATAGACTGACCGAGCGCA,135,forward,ncr1650,NA
ncr1650,4,"LC, LL",LC,LL,,-1.374571324664564,0.7310400784960642,0.010917976551963438,2.6967135337033032,ncRNA,AGTCTTTTTTCACTGATTCATCAAGCTCTACCGCTGACTAGCCTTCTCTAACACTTTTACGCCTGAATCCTTGCATTCTGTTTTTCCCCAACGAAGAAGTTAGAGAACCCCGAATCAATAGACTGACCGAGCGCA,135,forward,ncr1650,NA
ncr1650,4,"LC, LL, +D, +G",LC,LL,"+D, +G",-0.8121304946147422,1.402251517375297,0.9274264466401455,0.026573335220849134,ncRNA,AGTCTTTTTTCACTGATTCATCAAGCTCTACCGCTGACTAGCCTTCTCTAACACTTTTACGCCTGAATCCTTGCATTCTGTTTTTCCCCAACGAAGAAGTTAGAGAACCCCGAATCAATAGACTGACCGAGCGCA,135,forward,ncr1650,NA
ncr1650,4,"LC, LL, +FL",LC,LL,+FL,-5.027879854817265,0.2962476352164489,0.008301176309220537,10.462315894952674,ncRNA,AGTCTTTTTTCACTGATTCATCAAGCTCTACCGCTGACTAGCCTTCTCTAACACTTTTACGCCTGAATCCTTGCATTCTGTTTTTCCCCAACGAAGAAGTTAGAGAACCCCGAATCAATAGACTGACCGAGCGCA,135,forward,ncr1650,NA
ncr1650,4,"LC, LL, +G",LC,LL,+G,-5.28347388546352,0.7541926789912348,0.0072269628526836225,11.312150999939512,ncRNA,AGTCTTTTTTCACTGATTCATCAAGCTCTACCGCTGACTAGCCTTCTCTAACACTTTTACGCCTGAATCCTTGCATTCTGTTTTTCCCCAACGAAGAAGTTAGAGAACCCCGAATCAATAGACTGACCGAGCGCA,135,forward,ncr1650,NA
